-- --------------------------------------------------------
-- Host:                         127.0.0.1
-- Versión del servidor:         8.0.30 - MySQL Community Server - GPL
-- SO del servidor:              Win64
-- HeidiSQL Versión:             12.1.0.6537
-- --------------------------------------------------------

/*!40101 SET @OLD_CHARACTER_SET_CLIENT=@@CHARACTER_SET_CLIENT */;
/*!40101 SET NAMES utf8 */;
/*!50503 SET NAMES utf8mb4 */;
/*!40103 SET @OLD_TIME_ZONE=@@TIME_ZONE */;
/*!40103 SET TIME_ZONE='+00:00' */;
/*!40014 SET @OLD_FOREIGN_KEY_CHECKS=@@FOREIGN_KEY_CHECKS, FOREIGN_KEY_CHECKS=0 */;
/*!40101 SET @OLD_SQL_MODE=@@SQL_MODE, SQL_MODE='NO_AUTO_VALUE_ON_ZERO' */;
/*!40111 SET @OLD_SQL_NOTES=@@SQL_NOTES, SQL_NOTES=0 */;


-- Volcando estructura de base de datos para citasmedicas
CREATE DATABASE IF NOT EXISTS `citasmedicas` /*!40100 DEFAULT CHARACTER SET utf8mb4 COLLATE utf8mb4_0900_ai_ci */ /*!80016 DEFAULT ENCRYPTION='N' */;
USE `citasmedicas`;

-- Volcando estructura para tabla citasmedicas.appointments
CREATE TABLE IF NOT EXISTS `appointments` (
  `id` bigint unsigned NOT NULL AUTO_INCREMENT,
  `scheduled_date` date NOT NULL,
  `scheduled_time` time NOT NULL,
  `type` varchar(255) COLLATE utf8mb4_unicode_ci NOT NULL,
  `description` varchar(255) COLLATE utf8mb4_unicode_ci NOT NULL,
  `doctor_id` bigint unsigned NOT NULL,
  `patient_id` bigint unsigned NOT NULL,
  `specialty_id` bigint unsigned NOT NULL,
  `created_at` timestamp NULL DEFAULT NULL,
  `updated_at` timestamp NULL DEFAULT NULL,
  `status` varchar(255) COLLATE utf8mb4_unicode_ci NOT NULL DEFAULT 'Reservada',
  PRIMARY KEY (`id`),
  KEY `appointments_doctor_id_foreign` (`doctor_id`),
  KEY `appointments_patient_id_foreign` (`patient_id`),
  KEY `appointments_specialty_id_foreign` (`specialty_id`),
  CONSTRAINT `appointments_doctor_id_foreign` FOREIGN KEY (`doctor_id`) REFERENCES `users` (`id`) ON DELETE CASCADE,
  CONSTRAINT `appointments_patient_id_foreign` FOREIGN KEY (`patient_id`) REFERENCES `users` (`id`) ON DELETE CASCADE,
  CONSTRAINT `appointments_specialty_id_foreign` FOREIGN KEY (`specialty_id`) REFERENCES `specialties` (`id`) ON DELETE CASCADE
) ENGINE=InnoDB AUTO_INCREMENT=307 DEFAULT CHARSET=utf8mb4 COLLATE=utf8mb4_unicode_ci;

-- Volcando datos para la tabla citasmedicas.appointments: ~306 rows (aproximadamente)
INSERT INTO `appointments` (`id`, `scheduled_date`, `scheduled_time`, `type`, `description`, `doctor_id`, `patient_id`, `specialty_id`, `created_at`, `updated_at`, `status`) VALUES
	(1, '2023-06-05', '08:00:00', 'Consulta', 'Dolor de cabeza', 3, 2, 7, '2023-05-04 05:02:37', '2023-05-04 23:01:31', 'Cancelada'),
	(2, '2023-06-05', '09:00:00', 'Consulta', 'dolor', 3, 2, 7, '2023-06-04 06:27:19', '2023-06-04 23:37:35', 'Cancelada'),
	(3, '2023-06-05', '08:30:00', 'Consulta', 'dolor', 3, 4, 7, '2023-06-04 07:21:13', '2023-06-04 07:21:13', 'Confirmada'),
	(4, '2023-06-05', '09:30:00', 'Examen', 'dolor', 3, 4, 7, '2023-06-05 04:58:37', '2023-06-05 07:05:48', 'Confirmada'),
	(5, '2023-06-12', '16:00:00', 'Examen', 'Examen de sangre', 3, 2, 7, '2023-06-06 06:10:18', '2023-06-06 06:10:18', 'Reservada'),
	(6, '2023-06-12', '08:00:00', 'Consulta', 'dolor', 3, 4, 7, '2023-06-06 08:03:37', '2023-06-06 08:03:37', 'Reservada'),
	(7, '2023-01-09', '12:36:26', 'Operacion', 'Omnis eaque maiores autem.', 76, 52, 5, '2023-06-07 04:29:23', '2023-06-07 04:29:23', 'Atendida'),
	(8, '2022-06-13', '03:14:13', 'Examen', 'Quia a consequuntur doloribus.', 58, 30, 3, '2023-06-07 04:29:23', '2023-06-07 04:29:23', 'Cancelada'),
	(9, '2022-08-15', '20:17:05', 'Consulta', 'Ut nobis deleniti architecto inventore modi.', 58, 17, 3, '2023-06-07 04:29:23', '2023-06-07 04:29:23', 'Cancelada'),
	(10, '2022-07-31', '13:09:36', 'Consulta', 'Occaecati molestiae eos numquam dolorem et.', 68, 32, 7, '2023-06-07 04:29:23', '2023-06-07 04:29:23', 'Cancelada'),
	(11, '2022-08-04', '03:33:22', 'Consulta', 'Quia culpa vero aperiam fugiat.', 58, 23, 2, '2023-06-07 04:29:23', '2023-06-07 04:29:23', 'Atendida'),
	(12, '2023-01-30', '20:58:41', 'Consulta', 'Non quo ut enim eos enim.', 73, 23, 5, '2023-06-07 04:29:23', '2023-06-07 04:29:23', 'Cancelada'),
	(13, '2023-05-10', '23:06:20', 'Examen', 'Cum omnis veniam sunt.', 68, 49, 2, '2023-06-07 04:29:23', '2023-06-07 04:29:23', 'Cancelada'),
	(14, '2022-08-23', '02:33:26', 'Operacion', 'Sunt et tempora aut optio.', 63, 38, 4, '2023-06-07 04:29:23', '2023-06-07 04:29:23', 'Cancelada'),
	(15, '2023-05-25', '16:34:22', 'Examen', 'Dolorem minus quo sunt et beatae maiores.', 56, 36, 3, '2023-06-07 04:29:23', '2023-06-07 04:29:23', 'Cancelada'),
	(16, '2022-06-17', '02:58:13', 'Examen', 'Dolorem quaerat nemo architecto non repellendus.', 64, 29, 3, '2023-06-07 04:29:23', '2023-06-07 04:29:23', 'Atendida'),
	(17, '2022-10-05', '04:01:20', 'Operacion', 'Eligendi dolorem esse sunt et.', 55, 27, 6, '2023-06-07 04:29:23', '2023-06-07 04:29:23', 'Cancelada'),
	(18, '2022-08-29', '14:03:28', 'Operacion', 'Et temporibus quia repellendus quo.', 68, 33, 6, '2023-06-07 04:29:23', '2023-06-07 04:29:23', 'Cancelada'),
	(19, '2022-07-23', '16:01:11', 'Examen', 'Hic officiis voluptas temporibus molestiae autem ratione.', 65, 30, 3, '2023-06-07 04:29:23', '2023-06-07 04:29:23', 'Cancelada'),
	(20, '2023-02-06', '01:32:21', 'Examen', 'Autem quaerat unde velit.', 60, 2, 4, '2023-06-07 04:29:23', '2023-06-07 04:29:23', 'Cancelada'),
	(21, '2023-05-02', '01:13:42', 'Examen', 'At ea consectetur doloremque doloremque voluptas.', 67, 33, 4, '2023-06-07 04:29:23', '2023-06-07 04:29:23', 'Atendida'),
	(22, '2022-09-27', '14:14:29', 'Examen', 'Molestias enim nesciunt eum.', 72, 6, 1, '2023-06-07 04:29:23', '2023-06-07 04:29:23', 'Cancelada'),
	(23, '2023-04-03', '21:14:30', 'Operacion', 'Dolores rerum voluptas perspiciatis autem.', 66, 46, 2, '2023-06-07 04:29:23', '2023-06-07 04:29:23', 'Atendida'),
	(24, '2022-06-18', '07:56:34', 'Examen', 'Aut nostrum aspernatur ducimus occaecati omnis.', 76, 12, 3, '2023-06-07 04:29:23', '2023-06-07 04:29:23', 'Cancelada'),
	(25, '2022-06-15', '13:19:38', 'Consulta', 'Pariatur nostrum modi impedit sit culpa.', 73, 14, 2, '2023-06-07 04:29:23', '2023-06-07 04:29:23', 'Atendida'),
	(26, '2022-08-29', '00:19:45', 'Consulta', 'Aliquam ipsam et rerum dignissimos.', 71, 25, 6, '2023-06-07 04:29:23', '2023-06-07 04:29:23', 'Atendida'),
	(27, '2022-09-20', '21:09:25', 'Examen', 'Ea cupiditate culpa dolore officiis.', 54, 47, 4, '2023-06-07 04:29:23', '2023-06-07 04:29:23', 'Cancelada'),
	(28, '2022-11-03', '02:56:34', 'Operacion', 'Cupiditate nam ipsam molestiae amet.', 79, 11, 6, '2023-06-07 04:29:23', '2023-06-07 04:29:23', 'Cancelada'),
	(29, '2022-09-26', '01:25:57', 'Examen', 'Rerum odit dolore deleniti.', 55, 9, 4, '2023-06-07 04:29:23', '2023-06-07 04:29:23', 'Cancelada'),
	(30, '2022-08-20', '22:43:11', 'Consulta', 'Qui excepturi ut cupiditate possimus rerum autem.', 67, 13, 2, '2023-06-07 04:29:23', '2023-06-07 04:29:23', 'Atendida'),
	(31, '2022-08-15', '22:07:55', 'Examen', 'Officiis in et porro ratione.', 61, 42, 6, '2023-06-07 04:29:23', '2023-06-07 04:29:23', 'Cancelada'),
	(32, '2023-04-28', '18:08:45', 'Consulta', 'Iure possimus ut illo aspernatur.', 77, 4, 3, '2023-06-07 04:29:23', '2023-06-07 04:29:23', 'Cancelada'),
	(33, '2023-02-05', '19:14:32', 'Operacion', 'Officiis cumque sunt laudantium.', 66, 17, 2, '2023-06-07 04:29:23', '2023-06-07 04:29:23', 'Cancelada'),
	(34, '2023-02-07', '18:54:52', 'Examen', 'Et eum dolor consectetur in.', 68, 32, 7, '2023-06-07 04:29:23', '2023-06-07 04:29:23', 'Cancelada'),
	(35, '2022-10-15', '09:58:36', 'Operacion', 'Consequuntur natus ex quibusdam molestias reprehenderit qui.', 57, 14, 4, '2023-06-07 04:29:23', '2023-06-07 04:29:23', 'Cancelada'),
	(36, '2022-06-24', '06:22:27', 'Operacion', 'Possimus ex iusto ullam eligendi possimus adipisci.', 69, 24, 4, '2023-06-07 04:29:23', '2023-06-07 04:29:23', 'Cancelada'),
	(37, '2023-02-12', '12:18:46', 'Consulta', 'Non qui sed neque voluptatem enim.', 62, 41, 3, '2023-06-07 04:29:23', '2023-06-07 04:29:23', 'Atendida'),
	(38, '2022-12-09', '09:48:23', 'Examen', 'Vel animi aut expedita id explicabo.', 57, 82, 2, '2023-06-07 04:29:23', '2023-06-07 04:29:23', 'Cancelada'),
	(39, '2023-03-21', '07:15:07', 'Consulta', 'Ipsum deserunt voluptates sed.', 60, 12, 5, '2023-06-07 04:29:23', '2023-06-07 04:29:23', 'Cancelada'),
	(40, '2022-12-05', '10:05:58', 'Consulta', 'Ipsam vel ipsum officia quos blanditiis odio.', 67, 12, 7, '2023-06-07 04:29:23', '2023-06-07 04:29:23', 'Atendida'),
	(41, '2023-03-10', '16:29:40', 'Operacion', 'Aut rerum ipsam molestias et quod sit.', 71, 25, 4, '2023-06-07 04:29:23', '2023-06-07 04:29:23', 'Atendida'),
	(42, '2022-07-02', '21:17:08', 'Consulta', 'Quidem consectetur sunt labore a.', 77, 16, 4, '2023-06-07 04:29:23', '2023-06-07 04:29:23', 'Cancelada'),
	(43, '2022-06-15', '12:32:47', 'Operacion', 'Aut alias quo maxime vel voluptas minima.', 58, 6, 2, '2023-06-07 04:29:23', '2023-06-07 04:29:23', 'Atendida'),
	(44, '2023-01-27', '09:48:43', 'Operacion', 'Deleniti deserunt et omnis in.', 74, 36, 6, '2023-06-07 04:29:23', '2023-06-07 04:29:23', 'Atendida'),
	(45, '2022-10-06', '10:57:50', 'Consulta', 'Ratione quis esse voluptatum voluptatem.', 65, 16, 6, '2023-06-07 04:29:23', '2023-06-07 04:29:23', 'Atendida'),
	(46, '2022-06-15', '13:37:13', 'Operacion', 'Aut cumque veritatis unde ab.', 72, 6, 7, '2023-06-07 04:29:23', '2023-06-07 04:29:23', 'Cancelada'),
	(47, '2023-05-18', '15:01:39', 'Consulta', 'Laboriosam nisi quia maiores error sed modi.', 73, 12, 6, '2023-06-07 04:29:23', '2023-06-07 04:29:23', 'Atendida'),
	(48, '2022-06-20', '05:15:17', 'Examen', 'Voluptas quo mollitia hic quam quaerat culpa.', 58, 37, 4, '2023-06-07 04:29:23', '2023-06-07 04:29:23', 'Cancelada'),
	(49, '2022-11-22', '18:37:48', 'Consulta', 'Voluptas ea qui eaque quaerat nihil.', 60, 20, 2, '2023-06-07 04:29:23', '2023-06-07 04:29:23', 'Atendida'),
	(50, '2022-06-28', '22:37:24', 'Operacion', 'Labore sunt est est.', 59, 24, 6, '2023-06-07 04:29:23', '2023-06-07 04:29:23', 'Atendida'),
	(51, '2022-08-19', '17:26:53', 'Examen', 'Minus pariatur voluptas iste.', 57, 30, 2, '2023-06-07 04:29:23', '2023-06-07 04:29:23', 'Cancelada'),
	(52, '2022-06-27', '05:44:51', 'Consulta', 'Et earum optio aut rerum repudiandae.', 56, 2, 6, '2023-06-07 04:29:23', '2023-06-07 04:29:23', 'Cancelada'),
	(53, '2022-12-20', '23:19:03', 'Examen', 'Nulla optio id laborum eum.', 80, 53, 5, '2023-06-07 04:29:23', '2023-06-07 04:29:23', 'Cancelada'),
	(54, '2022-06-09', '21:45:57', 'Operacion', 'Asperiores omnis et sit quia.', 77, 50, 2, '2023-06-07 04:29:23', '2023-06-07 04:29:23', 'Cancelada'),
	(55, '2022-11-02', '15:26:25', 'Consulta', 'Deserunt commodi voluptatibus ea laborum corrupti facilis.', 57, 82, 4, '2023-06-07 04:29:23', '2023-06-07 04:29:23', 'Cancelada'),
	(56, '2023-05-03', '18:43:51', 'Operacion', 'Sed repudiandae et accusantium doloribus.', 59, 21, 2, '2023-06-07 04:29:23', '2023-06-07 04:29:23', 'Cancelada'),
	(57, '2022-06-18', '19:00:37', 'Examen', 'Et quasi nihil repudiandae harum.', 63, 32, 3, '2023-06-07 04:29:23', '2023-06-07 04:29:23', 'Cancelada'),
	(58, '2023-01-07', '16:30:53', 'Consulta', 'Nostrum et deserunt accusantium fugit nobis earum.', 58, 6, 3, '2023-06-07 04:29:23', '2023-06-07 04:29:23', 'Cancelada'),
	(59, '2022-11-01', '01:27:05', 'Consulta', 'Ut quaerat et sint nihil.', 73, 41, 1, '2023-06-07 04:29:23', '2023-06-07 04:29:23', 'Atendida'),
	(60, '2023-04-06', '12:00:07', 'Consulta', 'Molestiae id tempore eos sit ex eaque.', 58, 50, 5, '2023-06-07 04:29:23', '2023-06-07 04:29:23', 'Atendida'),
	(61, '2023-03-22', '15:34:18', 'Consulta', 'Excepturi est et illo.', 72, 38, 5, '2023-06-07 04:29:23', '2023-06-07 04:29:23', 'Atendida'),
	(62, '2023-02-05', '16:24:14', 'Operacion', 'Qui quis quis ab enim esse ipsum.', 63, 32, 7, '2023-06-07 04:29:23', '2023-06-07 04:29:23', 'Cancelada'),
	(63, '2023-04-15', '11:05:35', 'Consulta', 'Eos deserunt expedita qui.', 56, 21, 4, '2023-06-07 04:29:23', '2023-06-07 04:29:23', 'Cancelada'),
	(64, '2023-03-08', '03:32:58', 'Operacion', 'Eos illo dolorem voluptas.', 71, 10, 1, '2023-06-07 04:29:23', '2023-06-07 04:29:23', 'Atendida'),
	(65, '2022-12-04', '04:41:43', 'Operacion', 'Blanditiis quas voluptatem sed ducimus.', 54, 45, 2, '2023-06-07 04:29:23', '2023-06-07 04:29:23', 'Cancelada'),
	(66, '2022-08-25', '05:24:15', 'Operacion', 'Maiores odio nulla ab.', 64, 22, 4, '2023-06-07 04:29:23', '2023-06-07 04:29:23', 'Atendida'),
	(67, '2022-10-05', '19:01:48', 'Examen', 'Ut excepturi iusto impedit voluptatem quia repudiandae ipsa.', 3, 31, 3, '2023-06-07 04:29:23', '2023-06-07 04:29:23', 'Cancelada'),
	(68, '2022-10-31', '07:26:08', 'Operacion', 'Veritatis perspiciatis minus illum in in repellat.', 58, 8, 5, '2023-06-07 04:29:23', '2023-06-07 04:29:23', 'Cancelada'),
	(69, '2022-10-12', '11:53:55', 'Consulta', 'Quos et dolorum labore rerum ipsam deleniti.', 3, 17, 2, '2023-06-07 04:29:23', '2023-06-07 04:29:23', 'Cancelada'),
	(70, '2022-10-06', '02:35:20', 'Consulta', 'Inventore quisquam tenetur repellat eaque iusto.', 67, 17, 3, '2023-06-07 04:29:23', '2023-06-07 04:29:23', 'Cancelada'),
	(71, '2022-06-19', '10:58:30', 'Examen', 'Similique tempore necessitatibus aut voluptas et.', 63, 33, 3, '2023-06-07 04:29:23', '2023-06-07 04:29:23', 'Cancelada'),
	(72, '2023-04-10', '09:58:29', 'Operacion', 'Vitae hic quisquam quia explicabo consequatur.', 63, 50, 4, '2023-06-07 04:29:23', '2023-06-07 04:29:23', 'Atendida'),
	(73, '2022-12-27', '08:37:09', 'Examen', 'Numquam enim rerum eos provident pariatur rerum.', 61, 39, 7, '2023-06-07 04:29:23', '2023-06-07 04:29:23', 'Cancelada'),
	(74, '2023-02-11', '20:36:15', 'Operacion', 'Nihil illum architecto ratione earum et.', 57, 28, 3, '2023-06-07 04:29:23', '2023-06-07 04:29:23', 'Atendida'),
	(75, '2022-10-07', '20:00:17', 'Examen', 'Eveniet itaque veniam velit.', 59, 50, 6, '2023-06-07 04:29:23', '2023-06-07 04:29:23', 'Cancelada'),
	(76, '2022-12-25', '18:37:14', 'Operacion', 'Occaecati et aut voluptates aut omnis.', 55, 17, 3, '2023-06-07 04:29:23', '2023-06-07 04:29:23', 'Atendida'),
	(77, '2022-08-12', '10:19:42', 'Consulta', 'Laudantium enim ut porro cupiditate beatae esse.', 64, 11, 7, '2023-06-07 04:29:23', '2023-06-07 04:29:23', 'Cancelada'),
	(78, '2023-05-31', '22:33:06', 'Operacion', 'Et qui rerum necessitatibus.', 79, 36, 3, '2023-06-07 04:29:23', '2023-06-07 04:29:23', 'Atendida'),
	(79, '2022-06-28', '09:18:19', 'Consulta', 'Rerum nostrum repudiandae autem placeat quos.', 66, 24, 6, '2023-06-07 04:29:23', '2023-06-07 04:29:23', 'Atendida'),
	(80, '2022-11-15', '01:21:52', 'Operacion', 'Excepturi et nesciunt ducimus.', 77, 20, 4, '2023-06-07 04:29:23', '2023-06-07 04:29:23', 'Atendida'),
	(81, '2022-08-18', '01:14:07', 'Operacion', 'Porro et fugit eius consequuntur.', 60, 29, 7, '2023-06-07 04:29:23', '2023-06-07 04:29:23', 'Atendida'),
	(82, '2022-11-30', '11:43:21', 'Consulta', 'Officiis exercitationem tempora iure qui ipsum velit.', 64, 23, 2, '2023-06-07 04:29:23', '2023-06-07 04:29:23', 'Atendida'),
	(83, '2022-09-26', '22:22:31', 'Consulta', 'Aliquid amet ad et labore autem temporibus.', 73, 29, 1, '2023-06-07 04:29:23', '2023-06-07 04:29:23', 'Atendida'),
	(84, '2022-08-28', '01:35:23', 'Examen', 'Quis totam corrupti earum ratione est.', 68, 52, 6, '2023-06-07 04:29:23', '2023-06-07 04:29:23', 'Cancelada'),
	(85, '2022-11-30', '05:21:21', 'Examen', 'Aspernatur harum expedita sequi quaerat.', 3, 21, 7, '2023-06-07 04:29:23', '2023-06-07 04:29:23', 'Cancelada'),
	(86, '2023-02-03', '13:40:57', 'Consulta', 'Est veniam inventore voluptas dicta molestiae nulla.', 60, 13, 3, '2023-06-07 04:29:23', '2023-06-07 04:29:23', 'Atendida'),
	(87, '2023-04-06', '11:48:20', 'Consulta', 'Quibusdam eveniet delectus nesciunt consequuntur est.', 67, 47, 4, '2023-06-07 04:29:23', '2023-06-07 04:29:23', 'Atendida'),
	(88, '2023-05-20', '15:44:42', 'Consulta', 'Similique sed soluta corporis impedit quasi eaque.', 74, 37, 1, '2023-06-07 04:29:23', '2023-06-07 04:29:23', 'Atendida'),
	(89, '2022-06-15', '08:21:35', 'Operacion', 'Qui et nemo fugiat.', 78, 20, 3, '2023-06-07 04:29:23', '2023-06-07 04:29:23', 'Cancelada'),
	(90, '2023-04-20', '09:56:30', 'Operacion', 'Nisi vel illum et nam.', 59, 11, 2, '2023-06-07 04:29:23', '2023-06-07 04:29:23', 'Cancelada'),
	(91, '2023-04-28', '11:29:05', 'Examen', 'Dolor vel possimus quaerat id id placeat.', 62, 21, 4, '2023-06-07 04:29:23', '2023-06-07 04:29:23', 'Atendida'),
	(92, '2022-07-19', '12:48:50', 'Consulta', 'Aut rerum est exercitationem dolor adipisci voluptates.', 60, 42, 2, '2023-06-07 04:29:23', '2023-06-07 04:29:23', 'Cancelada'),
	(93, '2022-10-13', '01:33:46', 'Operacion', 'Expedita incidunt ut quo quis ipsum quia.', 74, 16, 2, '2023-06-07 04:29:23', '2023-06-07 04:29:23', 'Atendida'),
	(94, '2022-11-15', '06:36:23', 'Consulta', 'Nam voluptas quas nesciunt dolore dolor sit.', 76, 25, 6, '2023-06-07 04:29:23', '2023-06-07 04:29:23', 'Atendida'),
	(95, '2022-06-20', '02:04:08', 'Operacion', 'Et porro et cum.', 72, 37, 7, '2023-06-07 04:29:23', '2023-06-07 04:29:23', 'Atendida'),
	(96, '2022-10-05', '15:41:28', 'Operacion', 'Repellat veniam consectetur consectetur.', 72, 8, 1, '2023-06-07 04:29:23', '2023-06-07 04:29:23', 'Atendida'),
	(97, '2022-11-10', '11:28:56', 'Consulta', 'Est consequatur non iusto harum.', 73, 43, 5, '2023-06-07 04:29:23', '2023-06-07 04:29:23', 'Cancelada'),
	(98, '2022-10-10', '23:37:58', 'Consulta', 'Consequatur aliquid ut harum dolor.', 63, 13, 4, '2023-06-07 04:29:23', '2023-06-07 04:29:23', 'Cancelada'),
	(99, '2022-09-10', '00:23:20', 'Consulta', 'Non nulla adipisci cupiditate eum repellendus.', 66, 19, 7, '2023-06-07 04:29:23', '2023-06-07 04:29:23', 'Atendida'),
	(100, '2022-07-31', '20:26:07', 'Consulta', 'Deleniti debitis exercitationem aut.', 76, 53, 4, '2023-06-07 04:29:23', '2023-06-07 04:29:23', 'Cancelada'),
	(101, '2022-08-20', '09:41:16', 'Examen', 'Dolor saepe doloribus pariatur pariatur et et.', 59, 17, 6, '2023-06-07 04:29:23', '2023-06-07 04:29:23', 'Atendida'),
	(102, '2023-03-02', '14:07:40', 'Operacion', 'Quia fuga cum officiis.', 54, 17, 5, '2023-06-07 04:29:23', '2023-06-07 04:29:23', 'Atendida'),
	(103, '2023-04-26', '11:27:22', 'Examen', 'Deleniti sit nobis minima atque facere.', 69, 12, 4, '2023-06-07 04:29:23', '2023-06-07 04:29:23', 'Atendida'),
	(104, '2022-06-20', '10:13:25', 'Consulta', 'Eum repellat ab reprehenderit.', 71, 6, 5, '2023-06-07 04:29:23', '2023-06-07 04:29:23', 'Atendida'),
	(105, '2022-11-18', '11:00:08', 'Operacion', 'Unde qui nobis reiciendis sint.', 60, 37, 2, '2023-06-07 04:29:23', '2023-06-07 04:29:23', 'Atendida'),
	(106, '2022-06-16', '18:55:06', 'Examen', 'Qui veritatis ea fugit at.', 78, 46, 4, '2023-06-07 04:29:23', '2023-06-07 04:29:23', 'Atendida'),
	(107, '2022-12-18', '09:06:25', 'Consulta', 'Autem voluptatibus ut id.', 76, 21, 6, '2023-06-07 04:29:23', '2023-06-07 04:29:23', 'Cancelada'),
	(108, '2022-11-07', '19:45:44', 'Operacion', 'Totam quis in ut maiores molestiae.', 3, 30, 3, '2023-06-07 04:29:23', '2023-06-07 04:29:23', 'Cancelada'),
	(109, '2023-01-23', '13:56:56', 'Consulta', 'Iure ratione aut velit laudantium laboriosam.', 74, 46, 1, '2023-06-07 04:29:23', '2023-06-07 04:29:23', 'Cancelada'),
	(110, '2022-06-29', '23:41:34', 'Examen', 'Molestiae facere quis quibusdam eligendi.', 79, 5, 1, '2023-06-07 04:29:23', '2023-06-07 04:29:23', 'Cancelada'),
	(111, '2022-11-05', '07:10:35', 'Examen', 'Delectus dolore sint in.', 71, 33, 3, '2023-06-07 04:29:23', '2023-06-07 04:29:23', 'Cancelada'),
	(112, '2023-03-28', '21:13:21', 'Examen', 'Sit laudantium consectetur cupiditate.', 81, 37, 7, '2023-06-07 04:29:23', '2023-06-07 04:29:23', 'Cancelada'),
	(113, '2022-07-25', '03:09:25', 'Consulta', 'Quaerat atque earum ut id qui ex.', 64, 25, 7, '2023-06-07 04:29:23', '2023-06-07 04:29:23', 'Atendida'),
	(114, '2022-09-15', '21:09:10', 'Operacion', 'Officiis laboriosam exercitationem voluptatem.', 78, 44, 5, '2023-06-07 04:29:23', '2023-06-07 04:29:23', 'Atendida'),
	(115, '2023-01-12', '07:49:33', 'Examen', 'Provident laboriosam nihil accusantium.', 74, 49, 6, '2023-06-07 04:29:23', '2023-06-07 04:29:23', 'Atendida'),
	(116, '2022-09-23', '23:22:59', 'Operacion', 'Quia eius praesentium accusantium optio sed.', 55, 40, 6, '2023-06-07 04:29:23', '2023-06-07 04:29:23', 'Cancelada'),
	(117, '2023-04-09', '17:01:56', 'Operacion', 'Natus quae possimus in voluptatem nobis.', 79, 23, 1, '2023-06-07 04:29:23', '2023-06-07 04:29:23', 'Cancelada'),
	(118, '2023-03-29', '09:16:37', 'Operacion', 'Quod officiis cum assumenda molestias.', 80, 11, 1, '2023-06-07 04:29:23', '2023-06-07 04:29:23', 'Cancelada'),
	(119, '2022-10-01', '13:45:06', 'Consulta', 'Omnis earum voluptates aut voluptates.', 58, 45, 4, '2023-06-07 04:29:23', '2023-06-07 04:29:23', 'Atendida'),
	(120, '2022-07-18', '23:17:26', 'Examen', 'Quo aut rerum vel est.', 62, 12, 7, '2023-06-07 04:29:23', '2023-06-07 04:29:23', 'Atendida'),
	(121, '2022-07-22', '10:00:15', 'Examen', 'Voluptas eum et animi deleniti consequatur.', 68, 20, 3, '2023-06-07 04:29:23', '2023-06-07 04:29:23', 'Atendida'),
	(122, '2023-01-02', '08:13:19', 'Consulta', 'Fugiat quibusdam ea laborum ullam unde et.', 72, 33, 7, '2023-06-07 04:29:23', '2023-06-07 04:29:23', 'Atendida'),
	(123, '2022-08-22', '08:29:30', 'Operacion', 'Et ad odio unde nihil et.', 70, 46, 6, '2023-06-07 04:29:23', '2023-06-07 04:29:23', 'Cancelada'),
	(124, '2023-05-28', '13:54:31', 'Consulta', 'Inventore voluptates minus necessitatibus quae.', 70, 33, 5, '2023-06-07 04:29:23', '2023-06-07 04:29:23', 'Atendida'),
	(125, '2023-03-04', '00:10:29', 'Consulta', 'Explicabo minima voluptas est consequuntur qui.', 59, 15, 5, '2023-06-07 04:29:23', '2023-06-07 04:29:23', 'Cancelada'),
	(126, '2022-10-13', '16:19:19', 'Examen', 'Voluptates consequatur nihil cupiditate vero.', 63, 20, 6, '2023-06-07 04:29:23', '2023-06-07 04:29:23', 'Cancelada'),
	(127, '2023-05-25', '02:38:38', 'Operacion', 'Quia consequatur tempore optio sequi ex.', 79, 13, 2, '2023-06-07 04:29:23', '2023-06-07 04:29:23', 'Cancelada'),
	(128, '2022-07-04', '20:39:58', 'Examen', 'Accusantium non perferendis adipisci.', 60, 38, 6, '2023-06-07 04:29:23', '2023-06-07 04:29:23', 'Atendida'),
	(129, '2022-12-05', '17:51:10', 'Examen', 'Vel corporis ut earum.', 64, 42, 5, '2023-06-07 04:29:23', '2023-06-07 04:29:23', 'Cancelada'),
	(130, '2023-01-18', '12:04:05', 'Operacion', 'Enim aperiam asperiores consectetur sint et.', 65, 13, 3, '2023-06-07 04:29:23', '2023-06-07 04:29:23', 'Atendida'),
	(131, '2023-05-05', '17:24:02', 'Operacion', 'Dolore sint ratione maxime ut.', 78, 51, 6, '2023-06-07 04:29:23', '2023-06-07 04:29:23', 'Cancelada'),
	(132, '2022-07-13', '19:20:31', 'Operacion', 'Quia vero rem nisi voluptas cum omnis.', 71, 16, 2, '2023-06-07 04:29:23', '2023-06-07 04:29:23', 'Cancelada'),
	(133, '2023-05-05', '03:55:02', 'Consulta', 'Voluptatem sit provident quod vel omnis et.', 56, 11, 5, '2023-06-07 04:29:23', '2023-06-07 04:29:23', 'Atendida'),
	(134, '2023-02-28', '17:06:02', 'Examen', 'Ut pariatur unde animi.', 55, 22, 7, '2023-06-07 04:29:23', '2023-06-07 04:29:23', 'Cancelada'),
	(135, '2022-10-01', '11:04:41', 'Consulta', 'Reiciendis aut distinctio suscipit.', 64, 9, 7, '2023-06-07 04:29:23', '2023-06-07 04:29:23', 'Atendida'),
	(136, '2022-11-15', '06:56:37', 'Operacion', 'Nisi labore velit voluptatibus reprehenderit.', 67, 24, 4, '2023-06-07 04:29:23', '2023-06-07 04:29:23', 'Cancelada'),
	(137, '2022-11-13', '13:05:42', 'Examen', 'Vel deserunt ut officia quasi.', 72, 20, 3, '2023-06-07 04:29:23', '2023-06-07 04:29:23', 'Cancelada'),
	(138, '2022-07-19', '09:28:46', 'Examen', 'Provident minus natus omnis quia rem.', 63, 24, 4, '2023-06-07 04:29:23', '2023-06-07 04:29:23', 'Cancelada'),
	(139, '2022-07-26', '09:26:40', 'Consulta', 'Ut ad id natus impedit.', 60, 36, 2, '2023-06-07 04:29:23', '2023-06-07 04:29:23', 'Cancelada'),
	(140, '2022-07-06', '02:48:43', 'Examen', 'Consequatur quo quis autem est.', 67, 32, 1, '2023-06-07 04:29:23', '2023-06-07 04:29:23', 'Atendida'),
	(141, '2023-04-22', '21:15:25', 'Operacion', 'Ab inventore aut facere perspiciatis veritatis ut.', 72, 42, 6, '2023-06-07 04:29:23', '2023-06-07 04:29:23', 'Cancelada'),
	(142, '2022-06-16', '16:41:48', 'Operacion', 'Non qui nam optio et ducimus.', 80, 45, 2, '2023-06-07 04:29:23', '2023-06-07 04:29:23', 'Atendida'),
	(143, '2022-07-05', '05:59:31', 'Operacion', 'Et expedita qui rerum dolor rerum.', 72, 48, 5, '2023-06-07 04:29:23', '2023-06-07 04:29:23', 'Cancelada'),
	(144, '2022-08-06', '18:57:07', 'Operacion', 'Quos est et a ullam nihil eaque.', 79, 43, 1, '2023-06-07 04:29:23', '2023-06-07 04:29:23', 'Cancelada'),
	(145, '2023-03-14', '04:19:30', 'Consulta', 'Dolor assumenda et quam fugit voluptatem.', 72, 41, 4, '2023-06-07 04:29:23', '2023-06-07 04:29:23', 'Atendida'),
	(146, '2022-10-30', '09:11:17', 'Examen', 'Et ut similique iusto suscipit architecto.', 71, 37, 1, '2023-06-07 04:29:23', '2023-06-07 04:29:23', 'Cancelada'),
	(147, '2023-01-16', '17:12:41', 'Operacion', 'Aut exercitationem officiis non sed et.', 63, 53, 6, '2023-06-07 04:29:23', '2023-06-07 04:29:23', 'Atendida'),
	(148, '2022-06-09', '14:31:43', 'Consulta', 'Ut non officiis sed.', 75, 51, 6, '2023-06-07 04:29:23', '2023-06-07 04:29:23', 'Cancelada'),
	(149, '2022-07-21', '17:04:07', 'Operacion', 'Quasi fugiat sint voluptas.', 59, 38, 2, '2023-06-07 04:29:23', '2023-06-07 04:29:23', 'Atendida'),
	(150, '2022-08-11', '10:19:10', 'Operacion', 'Cupiditate atque non rem dolor necessitatibus.', 69, 4, 7, '2023-06-07 04:29:23', '2023-06-07 04:29:23', 'Cancelada'),
	(151, '2023-03-16', '22:23:39', 'Examen', 'Aspernatur saepe dolore eveniet voluptatibus.', 56, 50, 1, '2023-06-07 04:29:23', '2023-06-07 04:29:23', 'Atendida'),
	(152, '2022-08-27', '15:35:08', 'Examen', 'Rerum quo voluptatibus et ipsa.', 60, 46, 5, '2023-06-07 04:29:23', '2023-06-07 04:29:23', 'Atendida'),
	(153, '2022-09-02', '04:43:06', 'Operacion', 'Modi corrupti nulla non aliquid omnis.', 67, 44, 7, '2023-06-07 04:29:23', '2023-06-07 04:29:23', 'Atendida'),
	(154, '2022-11-03', '06:52:05', 'Examen', 'Repellendus ipsa dolorem veritatis eos eum nisi.', 75, 44, 1, '2023-06-07 04:29:23', '2023-06-07 04:29:23', 'Cancelada'),
	(155, '2022-08-21', '18:51:05', 'Operacion', 'Reprehenderit odio ad incidunt impedit.', 75, 48, 4, '2023-06-07 04:29:23', '2023-06-07 04:29:23', 'Cancelada'),
	(156, '2022-06-12', '05:17:02', 'Consulta', 'Mollitia at perspiciatis numquam excepturi ut et.', 76, 47, 7, '2023-06-07 04:29:23', '2023-06-07 04:29:23', 'Atendida'),
	(157, '2022-10-06', '07:13:09', 'Examen', 'Laboriosam rerum distinctio saepe.', 59, 44, 4, '2023-06-07 04:29:23', '2023-06-07 04:29:23', 'Atendida'),
	(158, '2023-05-30', '11:03:11', 'Examen', 'Tempora itaque recusandae corporis autem laborum officiis quod.', 65, 26, 7, '2023-06-07 04:29:23', '2023-06-07 04:29:23', 'Cancelada'),
	(159, '2022-09-07', '19:10:07', 'Operacion', 'Cumque vel placeat sapiente qui cumque.', 3, 45, 3, '2023-06-07 04:29:23', '2023-06-07 04:29:23', 'Atendida'),
	(160, '2023-01-03', '18:08:29', 'Examen', 'Sit quod ipsam ratione iure.', 58, 28, 4, '2023-06-07 04:29:23', '2023-06-07 04:29:23', 'Cancelada'),
	(161, '2023-05-22', '04:17:28', 'Operacion', 'Est nobis dignissimos sed consequatur ipsa nisi.', 77, 44, 3, '2023-06-07 04:29:23', '2023-06-07 04:29:23', 'Atendida'),
	(162, '2022-07-17', '19:38:28', 'Examen', 'Similique corrupti non quis molestias cupiditate.', 54, 33, 3, '2023-06-07 04:29:23', '2023-06-07 04:29:23', 'Cancelada'),
	(163, '2022-12-31', '16:22:11', 'Operacion', 'Nulla magni corrupti ducimus et.', 69, 36, 6, '2023-06-07 04:29:23', '2023-06-07 04:29:23', 'Cancelada'),
	(164, '2023-06-02', '07:01:37', 'Consulta', 'Corporis repudiandae occaecati ullam earum labore voluptate.', 69, 23, 2, '2023-06-07 04:29:23', '2023-06-07 04:29:23', 'Cancelada'),
	(165, '2022-11-12', '20:07:04', 'Operacion', 'Dolores eum et aliquid sit aperiam.', 61, 35, 7, '2023-06-07 04:29:23', '2023-06-07 04:29:23', 'Atendida'),
	(166, '2022-10-27', '11:03:58', 'Examen', 'Fuga et veritatis rerum harum laborum.', 72, 42, 1, '2023-06-07 04:29:23', '2023-06-07 04:29:23', 'Atendida'),
	(167, '2022-09-05', '14:54:03', 'Examen', 'Facere beatae et omnis velit voluptatibus.', 70, 43, 7, '2023-06-07 04:29:23', '2023-06-07 04:29:23', 'Cancelada'),
	(168, '2022-09-11', '14:26:36', 'Consulta', 'Dolores ipsam minima quo ex.', 61, 52, 1, '2023-06-07 04:29:23', '2023-06-07 04:29:23', 'Cancelada'),
	(169, '2023-05-23', '20:03:56', 'Operacion', 'Ut quis tenetur officiis aut qui.', 54, 24, 3, '2023-06-07 04:29:23', '2023-06-07 04:29:23', 'Atendida'),
	(170, '2022-11-20', '04:47:26', 'Consulta', 'Explicabo totam sit aspernatur.', 71, 34, 7, '2023-06-07 04:29:23', '2023-06-07 04:29:23', 'Atendida'),
	(171, '2023-02-24', '21:55:02', 'Operacion', 'Cum deserunt molestiae cumque.', 72, 2, 3, '2023-06-07 04:29:23', '2023-06-07 04:29:23', 'Atendida'),
	(172, '2022-06-24', '04:37:06', 'Examen', 'Omnis officiis quae voluptates aut ex.', 57, 4, 2, '2023-06-07 04:29:23', '2023-06-07 04:29:23', 'Cancelada'),
	(173, '2022-12-11', '03:40:03', 'Examen', 'Deserunt voluptate aut quibusdam amet quibusdam vero.', 73, 52, 6, '2023-06-07 04:29:23', '2023-06-07 04:29:23', 'Cancelada'),
	(174, '2022-07-25', '07:42:03', 'Operacion', 'Id aut nostrum et.', 3, 37, 4, '2023-06-07 04:29:23', '2023-06-07 04:29:23', 'Cancelada'),
	(175, '2022-09-14', '19:34:47', 'Examen', 'Sit inventore possimus illo.', 61, 32, 7, '2023-06-07 04:29:23', '2023-06-07 04:29:23', 'Atendida'),
	(176, '2022-06-28', '01:29:55', 'Examen', 'Accusantium impedit et dolorem repellendus sequi.', 80, 44, 7, '2023-06-07 04:29:23', '2023-06-07 04:29:23', 'Cancelada'),
	(177, '2023-05-13', '18:08:30', 'Consulta', 'Repellendus facere ut maxime.', 56, 53, 1, '2023-06-07 04:29:23', '2023-06-07 04:29:23', 'Cancelada'),
	(178, '2022-10-27', '08:23:26', 'Examen', 'Aspernatur natus temporibus voluptas.', 64, 44, 4, '2023-06-07 04:29:23', '2023-06-07 04:29:23', 'Atendida'),
	(179, '2022-11-15', '20:40:13', 'Examen', 'Ut enim expedita quod aspernatur.', 58, 11, 2, '2023-06-07 04:29:23', '2023-06-07 04:29:23', 'Atendida'),
	(180, '2023-01-12', '19:28:58', 'Consulta', 'Accusantium dolorem asperiores non eum inventore error.', 77, 28, 1, '2023-06-07 04:29:23', '2023-06-07 04:29:23', 'Atendida'),
	(181, '2022-11-29', '02:21:49', 'Examen', 'Earum minima occaecati voluptatem nulla quibusdam.', 64, 38, 2, '2023-06-07 04:29:23', '2023-06-07 04:29:23', 'Atendida'),
	(182, '2022-11-18', '07:19:51', 'Examen', 'Ducimus aperiam dolor molestiae adipisci maiores.', 70, 82, 6, '2023-06-07 04:29:24', '2023-06-07 04:29:24', 'Atendida'),
	(183, '2022-06-26', '00:55:48', 'Consulta', 'Nobis officia earum aut et.', 73, 27, 5, '2023-06-07 04:29:24', '2023-06-07 04:29:24', 'Atendida'),
	(184, '2022-12-25', '11:12:22', 'Examen', 'Voluptas nisi ut veniam beatae placeat.', 62, 53, 3, '2023-06-07 04:29:24', '2023-06-07 04:29:24', 'Cancelada'),
	(185, '2022-10-24', '14:45:04', 'Examen', 'Aut eaque enim dolores enim nihil.', 75, 50, 1, '2023-06-07 04:29:24', '2023-06-07 04:29:24', 'Atendida'),
	(186, '2023-06-03', '15:46:44', 'Operacion', 'Aut aut officiis voluptas aut aut.', 64, 11, 7, '2023-06-07 04:29:24', '2023-06-07 04:29:24', 'Atendida'),
	(187, '2022-12-07', '23:45:39', 'Examen', 'Quia numquam placeat id natus.', 75, 9, 4, '2023-06-07 04:29:24', '2023-06-07 04:29:24', 'Cancelada'),
	(188, '2022-12-16', '13:46:00', 'Operacion', 'Doloremque quia dignissimos optio.', 78, 34, 6, '2023-06-07 04:29:24', '2023-06-07 04:29:24', 'Cancelada'),
	(189, '2022-10-29', '13:06:26', 'Consulta', 'Aut consectetur voluptas at.', 79, 13, 5, '2023-06-07 04:29:24', '2023-06-07 04:29:24', 'Cancelada'),
	(190, '2022-09-04', '14:29:15', 'Consulta', 'Aut minima illum modi saepe nulla fugit.', 61, 43, 3, '2023-06-07 04:29:24', '2023-06-07 04:29:24', 'Cancelada'),
	(191, '2023-03-22', '21:50:43', 'Examen', 'Omnis incidunt corporis sed officiis impedit fugiat.', 69, 23, 5, '2023-06-07 04:29:24', '2023-06-07 04:29:24', 'Cancelada'),
	(192, '2023-01-16', '23:31:32', 'Operacion', 'Pariatur est consequatur error.', 3, 39, 3, '2023-06-07 04:29:24', '2023-06-07 04:29:24', 'Cancelada'),
	(193, '2022-11-19', '21:56:18', 'Operacion', 'Voluptatem a aliquam eum aut qui.', 62, 26, 6, '2023-06-07 04:29:24', '2023-06-07 04:29:24', 'Atendida'),
	(194, '2022-12-18', '19:18:44', 'Operacion', 'Sint qui necessitatibus error voluptatem.', 77, 5, 4, '2023-06-07 04:29:24', '2023-06-07 04:29:24', 'Cancelada'),
	(195, '2023-04-27', '17:18:34', 'Operacion', 'Exercitationem culpa ex deleniti nam.', 70, 41, 1, '2023-06-07 04:29:24', '2023-06-07 04:29:24', 'Atendida'),
	(196, '2022-07-04', '13:14:36', 'Operacion', 'Qui vel sunt aut laboriosam at.', 65, 5, 2, '2023-06-07 04:29:24', '2023-06-07 04:29:24', 'Atendida'),
	(197, '2023-02-07', '07:35:33', 'Examen', 'Numquam nam error odit perspiciatis est voluptatum.', 74, 2, 1, '2023-06-07 04:29:24', '2023-06-07 04:29:24', 'Atendida'),
	(198, '2023-03-08', '20:21:15', 'Operacion', 'Eum vel a commodi aliquid maiores et.', 67, 10, 5, '2023-06-07 04:29:24', '2023-06-07 04:29:24', 'Atendida'),
	(199, '2022-07-06', '23:46:24', 'Operacion', 'Et quas architecto ipsa corporis eos.', 63, 44, 5, '2023-06-07 04:29:24', '2023-06-07 04:29:24', 'Atendida'),
	(200, '2023-03-28', '19:29:28', 'Examen', 'Ullam perspiciatis aperiam molestiae amet et occaecati.', 71, 45, 7, '2023-06-07 04:29:24', '2023-06-07 04:29:24', 'Atendida'),
	(201, '2022-08-19', '03:16:46', 'Consulta', 'Voluptatem culpa quia aut harum id.', 81, 8, 3, '2023-06-07 04:29:24', '2023-06-07 04:29:24', 'Cancelada'),
	(202, '2022-09-18', '13:58:18', 'Operacion', 'Nemo expedita rerum facilis.', 67, 42, 5, '2023-06-07 04:29:24', '2023-06-07 04:29:24', 'Atendida'),
	(203, '2023-04-29', '21:52:34', 'Examen', 'Aut aspernatur sit et repudiandae.', 69, 7, 5, '2023-06-07 04:29:24', '2023-06-07 04:29:24', 'Cancelada'),
	(204, '2023-03-08', '00:38:58', 'Consulta', 'Et sequi eaque mollitia.', 55, 21, 5, '2023-06-07 04:29:24', '2023-06-07 04:29:24', 'Cancelada'),
	(205, '2022-06-13', '05:43:25', 'Operacion', 'Dolorum corporis aperiam officia architecto delectus perferendis.', 60, 31, 2, '2023-06-07 04:29:24', '2023-06-07 04:29:24', 'Atendida'),
	(206, '2022-11-25', '14:34:15', 'Consulta', 'Officia numquam qui assumenda eos amet.', 55, 33, 4, '2023-06-07 04:29:24', '2023-06-07 04:29:24', 'Atendida'),
	(207, '2022-09-20', '21:09:21', 'Operacion', 'Pariatur suscipit eos natus.', 75, 21, 6, '2023-06-07 04:29:24', '2023-06-07 04:29:24', 'Cancelada'),
	(208, '2023-02-12', '17:10:46', 'Consulta', 'Itaque adipisci aut doloribus iusto.', 62, 23, 1, '2023-06-07 04:29:24', '2023-06-07 04:29:24', 'Atendida'),
	(209, '2022-10-05', '17:14:12', 'Examen', 'Pariatur dolorum quis optio non adipisci quis.', 79, 44, 7, '2023-06-07 04:29:24', '2023-06-07 04:29:24', 'Cancelada'),
	(210, '2023-03-14', '09:00:57', 'Operacion', 'Voluptatem sit adipisci expedita.', 59, 8, 3, '2023-06-07 04:29:24', '2023-06-07 04:29:24', 'Cancelada'),
	(211, '2022-11-25', '03:17:05', 'Operacion', 'Fugiat maiores accusamus fuga.', 73, 19, 2, '2023-06-07 04:29:24', '2023-06-07 04:29:24', 'Atendida'),
	(212, '2023-03-18', '05:57:24', 'Operacion', 'Earum praesentium et iusto voluptates nemo.', 80, 8, 4, '2023-06-07 04:29:24', '2023-06-07 04:29:24', 'Cancelada'),
	(213, '2023-02-28', '05:16:44', 'Consulta', 'Et eveniet aliquid debitis magnam quia.', 66, 51, 6, '2023-06-07 04:29:24', '2023-06-07 04:29:24', 'Cancelada'),
	(214, '2022-07-01', '07:12:58', 'Consulta', 'Iure aut corrupti fugiat sit enim sunt.', 3, 10, 6, '2023-06-07 04:29:24', '2023-06-07 04:29:24', 'Atendida'),
	(215, '2022-10-15', '02:08:10', 'Operacion', 'Et enim iste temporibus.', 61, 30, 2, '2023-06-07 04:29:24', '2023-06-07 04:29:24', 'Atendida'),
	(216, '2023-02-13', '13:46:14', 'Examen', 'Tenetur rerum omnis nihil.', 78, 36, 1, '2023-06-07 04:29:24', '2023-06-07 04:29:24', 'Atendida'),
	(217, '2022-12-27', '09:01:40', 'Operacion', 'Eveniet occaecati aut non voluptatem.', 60, 14, 2, '2023-06-07 04:29:24', '2023-06-07 04:29:24', 'Atendida'),
	(218, '2022-06-22', '12:03:39', 'Operacion', 'Qui ad quisquam blanditiis expedita.', 56, 13, 3, '2023-06-07 04:29:24', '2023-06-07 04:29:24', 'Cancelada'),
	(219, '2023-01-03', '14:12:25', 'Consulta', 'A repellendus et velit magnam delectus.', 74, 25, 3, '2023-06-07 04:29:24', '2023-06-07 04:29:24', 'Cancelada'),
	(220, '2022-09-13', '16:42:31', 'Consulta', 'Nesciunt laboriosam labore debitis voluptatum temporibus.', 77, 47, 6, '2023-06-07 04:29:24', '2023-06-07 04:29:24', 'Cancelada'),
	(221, '2022-10-11', '10:46:58', 'Consulta', 'Cupiditate aut minus ut.', 3, 22, 1, '2023-06-07 04:29:24', '2023-06-07 04:29:24', 'Cancelada'),
	(222, '2022-07-09', '04:00:06', 'Consulta', 'Voluptas dolor quia id quia adipisci maiores.', 60, 31, 3, '2023-06-07 04:29:24', '2023-06-07 04:29:24', 'Atendida'),
	(223, '2023-02-26', '15:01:53', 'Consulta', 'Eos assumenda voluptatibus quam sed itaque.', 56, 40, 1, '2023-06-07 04:29:24', '2023-06-07 04:29:24', 'Atendida'),
	(224, '2023-01-12', '01:31:09', 'Examen', 'Nihil dignissimos accusantium sapiente culpa quo sunt.', 60, 37, 1, '2023-06-07 04:29:24', '2023-06-07 04:29:24', 'Atendida'),
	(225, '2022-11-25', '05:28:02', 'Operacion', 'Vel explicabo illum nemo ea dolor provident.', 75, 22, 7, '2023-06-07 04:29:24', '2023-06-07 04:29:24', 'Atendida'),
	(226, '2023-03-30', '02:52:28', 'Operacion', 'Facilis quod porro exercitationem.', 73, 43, 1, '2023-06-07 04:29:24', '2023-06-07 04:29:24', 'Cancelada'),
	(227, '2022-07-28', '10:50:21', 'Operacion', 'Qui voluptatem ut laboriosam repudiandae at quaerat.', 55, 42, 4, '2023-06-07 04:29:24', '2023-06-07 04:29:24', 'Cancelada'),
	(228, '2022-11-12', '02:25:02', 'Consulta', 'Aliquam et aut non.', 69, 35, 2, '2023-06-07 04:29:24', '2023-06-07 04:29:24', 'Atendida'),
	(229, '2023-04-13', '18:47:31', 'Examen', 'Mollitia in eveniet dolorum ipsam quam.', 67, 16, 5, '2023-06-07 04:29:24', '2023-06-07 04:29:24', 'Atendida'),
	(230, '2022-07-17', '20:02:37', 'Operacion', 'Rerum quis omnis optio.', 72, 35, 1, '2023-06-07 04:29:24', '2023-06-07 04:29:24', 'Cancelada'),
	(231, '2023-02-24', '19:54:03', 'Consulta', 'Asperiores adipisci hic provident unde beatae quo.', 61, 27, 4, '2023-06-07 04:29:24', '2023-06-07 04:29:24', 'Atendida'),
	(232, '2022-11-11', '02:58:43', 'Operacion', 'Et cumque nobis earum dolor.', 66, 16, 2, '2023-06-07 04:29:24', '2023-06-07 04:29:24', 'Atendida'),
	(233, '2022-06-11', '20:25:42', 'Operacion', 'Veritatis quas quia quod deleniti voluptas.', 66, 15, 2, '2023-06-07 04:29:24', '2023-06-07 04:29:24', 'Cancelada'),
	(234, '2023-03-15', '23:55:26', 'Operacion', 'Amet et quidem est pariatur nisi cumque.', 62, 50, 6, '2023-06-07 04:29:24', '2023-06-07 04:29:24', 'Cancelada'),
	(235, '2023-01-14', '14:07:09', 'Operacion', 'Sequi quis labore vel voluptatem sed.', 74, 51, 7, '2023-06-07 04:29:24', '2023-06-07 04:29:24', 'Atendida'),
	(236, '2022-06-16', '12:41:37', 'Operacion', 'Autem sit omnis voluptates quae molestiae.', 75, 17, 3, '2023-06-07 04:29:24', '2023-06-07 04:29:24', 'Cancelada'),
	(237, '2022-12-11', '06:43:49', 'Examen', 'Quia necessitatibus quia maxime nobis consequatur.', 71, 47, 7, '2023-06-07 04:29:24', '2023-06-07 04:29:24', 'Atendida'),
	(238, '2022-09-18', '00:27:49', 'Consulta', 'Et aperiam exercitationem voluptas fugiat possimus officiis.', 80, 30, 6, '2023-06-07 04:29:24', '2023-06-07 04:29:24', 'Atendida'),
	(239, '2023-04-04', '11:37:52', 'Operacion', 'Occaecati ut libero accusantium porro consectetur.', 57, 25, 2, '2023-06-07 04:29:24', '2023-06-07 04:29:24', 'Cancelada'),
	(240, '2022-10-18', '04:37:23', 'Operacion', 'Eaque nihil tempore iusto qui tenetur.', 77, 50, 6, '2023-06-07 04:29:24', '2023-06-07 04:29:24', 'Atendida'),
	(241, '2023-05-31', '07:33:07', 'Examen', 'Quidem in quia aliquam accusamus est.', 71, 33, 2, '2023-06-07 04:29:24', '2023-06-07 04:29:24', 'Atendida'),
	(242, '2022-10-16', '21:59:01', 'Consulta', 'Debitis earum minima eius est vel aut.', 69, 28, 5, '2023-06-07 04:29:24', '2023-06-07 04:29:24', 'Cancelada'),
	(243, '2023-04-21', '20:42:21', 'Operacion', 'Voluptas eligendi aut possimus sequi.', 79, 13, 5, '2023-06-07 04:29:24', '2023-06-07 04:29:24', 'Cancelada'),
	(244, '2022-07-07', '20:38:15', 'Consulta', 'Qui ratione nihil blanditiis aperiam minima ut.', 81, 4, 2, '2023-06-07 04:29:24', '2023-06-07 04:29:24', 'Atendida'),
	(245, '2023-02-26', '22:22:28', 'Examen', 'Quaerat molestiae non est iste.', 73, 40, 1, '2023-06-07 04:29:24', '2023-06-07 04:29:24', 'Atendida'),
	(246, '2022-08-28', '12:17:35', 'Operacion', 'Quam suscipit itaque quis occaecati.', 61, 37, 2, '2023-06-07 04:29:24', '2023-06-07 04:29:24', 'Atendida'),
	(247, '2023-01-29', '13:32:02', 'Consulta', 'Incidunt quia ut ipsum dolorum.', 59, 45, 2, '2023-06-07 04:29:24', '2023-06-07 04:29:24', 'Cancelada'),
	(248, '2023-03-13', '14:11:28', 'Consulta', 'Excepturi consequatur voluptas voluptas voluptas iusto.', 63, 13, 5, '2023-06-07 04:29:24', '2023-06-07 04:29:24', 'Cancelada'),
	(249, '2023-02-06', '20:56:01', 'Consulta', 'Et quidem quia saepe.', 67, 20, 1, '2023-06-07 04:29:24', '2023-06-07 04:29:24', 'Cancelada'),
	(250, '2022-07-23', '15:38:20', 'Examen', 'Maxime nostrum sunt consequatur id aut dolores.', 73, 38, 4, '2023-06-07 04:29:24', '2023-06-07 04:29:24', 'Atendida'),
	(251, '2022-12-20', '11:04:35', 'Consulta', 'Distinctio qui adipisci et accusantium rerum alias.', 71, 17, 3, '2023-06-07 04:29:24', '2023-06-07 04:29:24', 'Cancelada'),
	(252, '2023-02-07', '09:13:19', 'Operacion', 'Provident nesciunt ut ratione.', 67, 15, 6, '2023-06-07 04:29:24', '2023-06-07 04:29:24', 'Cancelada'),
	(253, '2022-11-04', '07:49:06', 'Operacion', 'Molestias repellendus aliquam in nobis et itaque.', 81, 29, 2, '2023-06-07 04:29:24', '2023-06-07 04:29:24', 'Cancelada'),
	(254, '2022-10-30', '18:54:48', 'Operacion', 'Commodi dignissimos quis doloribus rem sit.', 77, 39, 1, '2023-06-07 04:29:24', '2023-06-07 04:29:24', 'Cancelada'),
	(255, '2022-10-12', '23:00:45', 'Operacion', 'Iusto enim est fuga.', 79, 10, 2, '2023-06-07 04:29:24', '2023-06-07 04:29:24', 'Cancelada'),
	(256, '2022-07-27', '23:50:17', 'Examen', 'Qui tenetur consectetur officiis quo.', 68, 21, 7, '2023-06-07 04:29:24', '2023-06-07 04:29:24', 'Cancelada'),
	(257, '2022-11-23', '05:08:36', 'Operacion', 'Perspiciatis accusantium id consequatur fugit deleniti occaecati.', 70, 40, 2, '2023-06-07 04:29:24', '2023-06-07 04:29:24', 'Cancelada'),
	(258, '2023-02-03', '11:26:53', 'Examen', 'Aliquid repellendus quas ipsum aliquam eligendi.', 55, 48, 4, '2023-06-07 04:29:24', '2023-06-07 04:29:24', 'Atendida'),
	(259, '2023-03-17', '09:36:16', 'Consulta', 'Nihil vel at aut totam et.', 55, 21, 1, '2023-06-07 04:29:24', '2023-06-07 04:29:24', 'Cancelada'),
	(260, '2023-04-04', '22:46:33', 'Consulta', 'Labore optio et sequi accusantium magnam molestias.', 65, 82, 1, '2023-06-07 04:29:24', '2023-06-07 04:29:24', 'Atendida'),
	(261, '2022-07-13', '04:39:57', 'Operacion', 'Molestias quae quod neque dolore.', 54, 20, 2, '2023-06-07 04:29:24', '2023-06-07 04:29:24', 'Atendida'),
	(262, '2023-01-07', '02:46:15', 'Operacion', 'Sit vero quis temporibus saepe beatae.', 61, 50, 7, '2023-06-07 04:29:24', '2023-06-07 04:29:24', 'Cancelada'),
	(263, '2022-11-26', '20:31:47', 'Examen', 'Minus dicta et libero.', 81, 6, 1, '2023-06-07 04:29:24', '2023-06-07 04:29:24', 'Atendida'),
	(264, '2022-12-20', '18:12:28', 'Examen', 'Incidunt itaque quod voluptas delectus culpa consectetur.', 73, 27, 4, '2023-06-07 04:29:24', '2023-06-07 04:29:24', 'Cancelada'),
	(265, '2023-04-15', '21:48:45', 'Consulta', 'Aut deleniti et iusto aspernatur sed placeat.', 77, 45, 1, '2023-06-07 04:29:24', '2023-06-07 04:29:24', 'Cancelada'),
	(266, '2023-05-03', '17:22:45', 'Consulta', 'Voluptatem qui iste ut beatae voluptatibus quos.', 57, 15, 4, '2023-06-07 04:29:24', '2023-06-07 04:29:24', 'Atendida'),
	(267, '2022-10-30', '18:15:44', 'Consulta', 'Laborum veniam illo saepe consequatur sit.', 70, 30, 5, '2023-06-07 04:29:24', '2023-06-07 04:29:24', 'Atendida'),
	(268, '2022-08-14', '14:53:28', 'Operacion', 'Ut libero esse id qui omnis distinctio.', 60, 37, 2, '2023-06-07 04:29:24', '2023-06-07 04:29:24', 'Atendida'),
	(269, '2023-02-25', '11:05:01', 'Examen', 'Quia animi minima recusandae.', 73, 53, 3, '2023-06-07 04:29:24', '2023-06-07 04:29:24', 'Atendida'),
	(270, '2023-04-15', '02:39:56', 'Examen', 'Eum minima dolores aut eum harum pariatur.', 76, 46, 5, '2023-06-07 04:29:24', '2023-06-07 04:29:24', 'Atendida'),
	(271, '2022-10-12', '23:57:28', 'Operacion', 'Nihil id earum quia sint occaecati consequatur.', 78, 34, 4, '2023-06-07 04:29:24', '2023-06-07 04:29:24', 'Atendida'),
	(272, '2023-03-07', '15:09:19', 'Examen', 'Porro molestiae quibusdam facere.', 57, 24, 1, '2023-06-07 04:29:24', '2023-06-07 04:29:24', 'Cancelada'),
	(273, '2022-10-08', '19:36:57', 'Examen', 'Iste et inventore reiciendis aut.', 54, 29, 5, '2023-06-07 04:29:24', '2023-06-07 04:29:24', 'Atendida'),
	(274, '2022-11-03', '10:55:19', 'Examen', 'Accusantium qui nihil at tempora.', 79, 51, 5, '2023-06-07 04:29:24', '2023-06-07 04:29:24', 'Atendida'),
	(275, '2023-02-21', '10:29:31', 'Operacion', 'Sit voluptate dolores debitis.', 63, 36, 3, '2023-06-07 04:29:24', '2023-06-07 04:29:24', 'Cancelada'),
	(276, '2022-08-17', '23:48:42', 'Consulta', 'Est qui non ut optio.', 78, 14, 6, '2023-06-07 04:29:24', '2023-06-07 04:29:24', 'Cancelada'),
	(277, '2022-10-25', '11:42:20', 'Consulta', 'Repellat excepturi officiis eaque velit.', 66, 37, 4, '2023-06-07 04:29:24', '2023-06-07 04:29:24', 'Cancelada'),
	(278, '2023-03-08', '18:33:56', 'Examen', 'Voluptatem omnis voluptatem qui magni.', 76, 52, 2, '2023-06-07 04:29:24', '2023-06-07 04:29:24', 'Cancelada'),
	(279, '2022-08-21', '08:44:28', 'Examen', 'Quod ea facilis asperiores.', 77, 16, 7, '2023-06-07 04:29:24', '2023-06-07 04:29:24', 'Atendida'),
	(280, '2022-07-12', '01:30:34', 'Operacion', 'Nihil in sint aut quidem.', 70, 35, 3, '2023-06-07 04:29:24', '2023-06-07 04:29:24', 'Cancelada'),
	(281, '2022-11-29', '03:04:07', 'Examen', 'Culpa quo sit adipisci.', 71, 19, 6, '2023-06-07 04:29:24', '2023-06-07 04:29:24', 'Atendida'),
	(282, '2022-09-21', '02:49:52', 'Consulta', 'Quo et sequi ullam.', 79, 29, 5, '2023-06-07 04:29:24', '2023-06-07 04:29:24', 'Atendida'),
	(283, '2023-05-02', '18:22:10', 'Examen', 'Omnis fuga totam praesentium.', 68, 15, 5, '2023-06-07 04:29:24', '2023-06-07 04:29:24', 'Cancelada'),
	(284, '2023-05-26', '06:03:04', 'Examen', 'Nesciunt laboriosam nihil qui.', 56, 47, 5, '2023-06-07 04:29:24', '2023-06-07 04:29:24', 'Atendida'),
	(285, '2023-03-16', '18:00:28', 'Examen', 'Aspernatur nam qui doloribus.', 66, 10, 7, '2023-06-07 04:29:24', '2023-06-07 04:29:24', 'Cancelada'),
	(286, '2022-11-10', '06:45:58', 'Examen', 'Quo illo ut qui amet alias sint.', 54, 35, 3, '2023-06-07 04:29:24', '2023-06-07 04:29:24', 'Atendida'),
	(287, '2023-05-18', '11:49:40', 'Examen', 'Et velit voluptatibus illum neque.', 56, 24, 5, '2023-06-07 04:29:24', '2023-06-07 04:29:24', 'Atendida'),
	(288, '2022-08-13', '20:07:39', 'Examen', 'Delectus ducimus amet sapiente fugit.', 56, 24, 6, '2023-06-07 04:29:24', '2023-06-07 04:29:24', 'Atendida'),
	(289, '2022-08-18', '17:24:33', 'Consulta', 'Ducimus nemo voluptatem et.', 73, 18, 1, '2023-06-07 04:29:24', '2023-06-07 04:29:24', 'Cancelada'),
	(290, '2023-04-12', '17:50:38', 'Examen', 'Ut ea aliquid odio voluptatum.', 58, 53, 2, '2023-06-07 04:29:24', '2023-06-07 04:29:24', 'Cancelada'),
	(291, '2022-08-10', '04:59:22', 'Consulta', 'Est dignissimos aliquam repellendus doloremque minima.', 56, 18, 3, '2023-06-07 04:29:24', '2023-06-07 04:29:24', 'Atendida'),
	(292, '2022-06-21', '01:54:08', 'Examen', 'Deleniti minima maxime nesciunt.', 65, 13, 1, '2023-06-07 04:29:24', '2023-06-07 04:29:24', 'Cancelada'),
	(293, '2022-07-21', '00:22:16', 'Consulta', 'Earum perferendis officia nulla dolor voluptatem.', 62, 13, 6, '2023-06-07 04:29:24', '2023-06-07 04:29:24', 'Cancelada'),
	(294, '2022-11-19', '12:55:59', 'Consulta', 'Nemo placeat aut minima nisi voluptatem.', 74, 35, 1, '2023-06-07 04:29:24', '2023-06-07 04:29:24', 'Cancelada'),
	(295, '2022-10-08', '00:56:07', 'Consulta', 'Id ex corrupti nisi.', 74, 26, 3, '2023-06-07 04:29:24', '2023-06-07 04:29:24', 'Cancelada'),
	(296, '2023-05-15', '01:13:34', 'Examen', 'Quia qui nulla animi aut aut.', 76, 2, 3, '2023-06-07 04:29:24', '2023-06-07 04:29:24', 'Cancelada'),
	(297, '2023-01-16', '12:18:52', 'Examen', 'Qui mollitia sunt consequatur.', 73, 30, 3, '2023-06-07 04:29:24', '2023-06-07 04:29:24', 'Cancelada'),
	(298, '2022-11-08', '05:52:00', 'Examen', 'Maxime voluptatem quas fuga.', 76, 49, 5, '2023-06-07 04:29:24', '2023-06-07 04:29:24', 'Atendida'),
	(299, '2022-12-05', '02:15:12', 'Operacion', 'Numquam dolores laboriosam unde consequatur quas.', 77, 11, 4, '2023-06-07 04:29:24', '2023-06-07 04:29:24', 'Cancelada'),
	(300, '2022-07-18', '18:10:56', 'Examen', 'Voluptas sunt distinctio nemo libero delectus.', 67, 14, 3, '2023-06-07 04:29:24', '2023-06-07 04:29:24', 'Atendida'),
	(301, '2022-11-07', '13:54:49', 'Operacion', 'Dolorem repudiandae voluptas non sunt facilis.', 64, 19, 7, '2023-06-07 04:29:24', '2023-06-07 04:29:24', 'Cancelada'),
	(302, '2022-10-22', '04:56:15', 'Consulta', 'Sequi ut reprehenderit soluta.', 64, 2, 2, '2023-06-07 04:29:24', '2023-06-07 04:29:24', 'Cancelada'),
	(303, '2023-04-09', '04:16:19', 'Examen', 'Ea dolor ducimus consequuntur quia architecto magni.', 77, 32, 7, '2023-06-07 04:29:24', '2023-06-07 04:29:24', 'Cancelada'),
	(304, '2022-08-14', '13:30:41', 'Operacion', 'Tenetur quia molestias suscipit.', 58, 32, 1, '2023-06-07 04:29:24', '2023-06-07 04:29:24', 'Atendida'),
	(305, '2022-10-05', '00:29:34', 'Examen', 'Corporis eos culpa molestiae earum.', 67, 34, 7, '2023-06-07 04:29:24', '2023-06-07 04:29:24', 'Atendida'),
	(306, '2023-02-24', '12:14:02', 'Operacion', 'Repellat ab ut doloremque ipsum velit dolor.', 79, 17, 7, '2023-06-07 04:29:24', '2023-06-07 04:29:24', 'Atendida');

-- Volcando estructura para tabla citasmedicas.cancelled_appointments
CREATE TABLE IF NOT EXISTS `cancelled_appointments` (
  `id` bigint unsigned NOT NULL AUTO_INCREMENT,
  `justification` varchar(255) COLLATE utf8mb4_unicode_ci DEFAULT NULL,
  `cancelled_by_id` bigint unsigned NOT NULL,
  `appointment_id` bigint unsigned NOT NULL,
  `created_at` timestamp NULL DEFAULT NULL,
  `updated_at` timestamp NULL DEFAULT NULL,
  PRIMARY KEY (`id`),
  KEY `cancelled_appointments_cancelled_by_foreign` (`cancelled_by_id`),
  KEY `cancelled_appointments_appointment_id_foreign` (`appointment_id`),
  CONSTRAINT `cancelled_appointments_appointment_id_foreign` FOREIGN KEY (`appointment_id`) REFERENCES `appointments` (`id`) ON DELETE CASCADE,
  CONSTRAINT `cancelled_appointments_cancelled_by_foreign` FOREIGN KEY (`cancelled_by_id`) REFERENCES `users` (`id`) ON DELETE CASCADE
) ENGINE=InnoDB AUTO_INCREMENT=2 DEFAULT CHARSET=utf8mb4 COLLATE=utf8mb4_unicode_ci;

-- Volcando datos para la tabla citasmedicas.cancelled_appointments: ~1 rows (aproximadamente)
INSERT INTO `cancelled_appointments` (`id`, `justification`, `cancelled_by_id`, `appointment_id`, `created_at`, `updated_at`) VALUES
	(1, 'No podre asistir a la cita por motivos de calamidad domestica.', 2, 2, '2023-06-04 23:37:35', '2023-06-04 23:37:35');

-- Volcando estructura para tabla citasmedicas.failed_jobs
CREATE TABLE IF NOT EXISTS `failed_jobs` (
  `id` bigint unsigned NOT NULL AUTO_INCREMENT,
  `uuid` varchar(255) COLLATE utf8mb4_unicode_ci NOT NULL,
  `connection` text COLLATE utf8mb4_unicode_ci NOT NULL,
  `queue` text COLLATE utf8mb4_unicode_ci NOT NULL,
  `payload` longtext COLLATE utf8mb4_unicode_ci NOT NULL,
  `exception` longtext COLLATE utf8mb4_unicode_ci NOT NULL,
  `failed_at` timestamp NOT NULL DEFAULT CURRENT_TIMESTAMP,
  PRIMARY KEY (`id`),
  UNIQUE KEY `failed_jobs_uuid_unique` (`uuid`)
) ENGINE=InnoDB DEFAULT CHARSET=utf8mb4 COLLATE=utf8mb4_unicode_ci;

-- Volcando datos para la tabla citasmedicas.failed_jobs: ~0 rows (aproximadamente)

-- Volcando estructura para tabla citasmedicas.horarios
CREATE TABLE IF NOT EXISTS `horarios` (
  `id` bigint unsigned NOT NULL AUTO_INCREMENT,
  `day` smallint unsigned NOT NULL,
  `active` tinyint(1) NOT NULL,
  `morning_start` time NOT NULL,
  `morning_end` time NOT NULL,
  `afternoon_start` time NOT NULL,
  `afternoon_end` time NOT NULL,
  `user_id` bigint unsigned NOT NULL,
  `created_at` timestamp NULL DEFAULT NULL,
  `updated_at` timestamp NULL DEFAULT NULL,
  PRIMARY KEY (`id`),
  KEY `horarios_user_id_foreign` (`user_id`),
  CONSTRAINT `horarios_user_id_foreign` FOREIGN KEY (`user_id`) REFERENCES `users` (`id`)
) ENGINE=InnoDB AUTO_INCREMENT=8 DEFAULT CHARSET=utf8mb4 COLLATE=utf8mb4_unicode_ci;

-- Volcando datos para la tabla citasmedicas.horarios: ~7 rows (aproximadamente)
INSERT INTO `horarios` (`id`, `day`, `active`, `morning_start`, `morning_end`, `afternoon_start`, `afternoon_end`, `user_id`, `created_at`, `updated_at`) VALUES
	(1, 0, 1, '08:00:00', '10:00:00', '15:00:00', '17:00:00', 3, '2023-06-03 07:39:21', '2023-06-03 07:39:21'),
	(2, 1, 0, '07:00:00', '07:00:00', '14:00:00', '14:00:00', 3, '2023-06-03 07:39:21', '2023-06-03 07:39:21'),
	(3, 2, 0, '07:00:00', '07:00:00', '14:00:00', '14:00:00', 3, '2023-06-03 07:39:21', '2023-06-03 07:39:21'),
	(4, 3, 0, '07:00:00', '07:00:00', '14:00:00', '14:00:00', 3, '2023-06-03 07:39:21', '2023-06-03 07:39:21'),
	(5, 4, 0, '07:00:00', '07:00:00', '14:00:00', '14:00:00', 3, '2023-06-03 07:39:21', '2023-06-03 07:39:21'),
	(6, 5, 0, '07:00:00', '07:00:00', '14:00:00', '14:00:00', 3, '2023-06-03 07:39:21', '2023-06-03 07:39:21'),
	(7, 6, 0, '07:00:00', '07:00:00', '14:00:00', '14:00:00', 3, '2023-06-03 07:39:21', '2023-06-03 07:39:21');

-- Volcando estructura para tabla citasmedicas.migrations
CREATE TABLE IF NOT EXISTS `migrations` (
  `id` int unsigned NOT NULL AUTO_INCREMENT,
  `migration` varchar(255) COLLATE utf8mb4_unicode_ci NOT NULL,
  `batch` int NOT NULL,
  PRIMARY KEY (`id`)
) ENGINE=InnoDB AUTO_INCREMENT=225 DEFAULT CHARSET=utf8mb4 COLLATE=utf8mb4_unicode_ci;

-- Volcando datos para la tabla citasmedicas.migrations: ~12 rows (aproximadamente)
INSERT INTO `migrations` (`id`, `migration`, `batch`) VALUES
	(213, '2014_10_12_000000_create_users_table', 1),
	(214, '2014_10_12_100000_create_password_reset_tokens_table', 1),
	(215, '2014_10_12_100000_create_password_resets_table', 1),
	(216, '2019_08_19_000000_create_failed_jobs_table', 1),
	(217, '2019_12_14_000001_create_personal_access_tokens_table', 1),
	(218, '2023_04_24_153536_create_specialties_table', 1),
	(219, '2023_05_20_201529_create_horarios_table', 1),
	(220, '2023_05_24_183653_create_specialty_user_table', 1),
	(221, '2023_06_02_215321_create_appointments_table', 1),
	(222, '2023_06_04_030126_add_status_to_appointments', 2),
	(223, '2023_06_04_172412_create_cancelled_appointments_table', 3),
	(224, '2023_06_04_221724_rename_cancelled_by_in_cancelled_appointments_table', 4);

-- Volcando estructura para tabla citasmedicas.password_resets
CREATE TABLE IF NOT EXISTS `password_resets` (
  `email` varchar(255) COLLATE utf8mb4_unicode_ci NOT NULL,
  `token` varchar(255) COLLATE utf8mb4_unicode_ci NOT NULL,
  `created_at` timestamp NULL DEFAULT NULL,
  KEY `password_resets_email_index` (`email`)
) ENGINE=InnoDB DEFAULT CHARSET=utf8mb4 COLLATE=utf8mb4_unicode_ci;

-- Volcando datos para la tabla citasmedicas.password_resets: ~0 rows (aproximadamente)

-- Volcando estructura para tabla citasmedicas.password_reset_tokens
CREATE TABLE IF NOT EXISTS `password_reset_tokens` (
  `email` varchar(255) COLLATE utf8mb4_unicode_ci NOT NULL,
  `token` varchar(255) COLLATE utf8mb4_unicode_ci NOT NULL,
  `created_at` timestamp NULL DEFAULT NULL,
  PRIMARY KEY (`email`)
) ENGINE=InnoDB DEFAULT CHARSET=utf8mb4 COLLATE=utf8mb4_unicode_ci;

-- Volcando datos para la tabla citasmedicas.password_reset_tokens: ~0 rows (aproximadamente)

-- Volcando estructura para tabla citasmedicas.personal_access_tokens
CREATE TABLE IF NOT EXISTS `personal_access_tokens` (
  `id` bigint unsigned NOT NULL AUTO_INCREMENT,
  `tokenable_type` varchar(255) COLLATE utf8mb4_unicode_ci NOT NULL,
  `tokenable_id` bigint unsigned NOT NULL,
  `name` varchar(255) COLLATE utf8mb4_unicode_ci NOT NULL,
  `token` varchar(64) COLLATE utf8mb4_unicode_ci NOT NULL,
  `abilities` text COLLATE utf8mb4_unicode_ci,
  `last_used_at` timestamp NULL DEFAULT NULL,
  `expires_at` timestamp NULL DEFAULT NULL,
  `created_at` timestamp NULL DEFAULT NULL,
  `updated_at` timestamp NULL DEFAULT NULL,
  PRIMARY KEY (`id`),
  UNIQUE KEY `personal_access_tokens_token_unique` (`token`),
  KEY `personal_access_tokens_tokenable_type_tokenable_id_index` (`tokenable_type`,`tokenable_id`)
) ENGINE=InnoDB DEFAULT CHARSET=utf8mb4 COLLATE=utf8mb4_unicode_ci;

-- Volcando datos para la tabla citasmedicas.personal_access_tokens: ~0 rows (aproximadamente)

-- Volcando estructura para tabla citasmedicas.specialties
CREATE TABLE IF NOT EXISTS `specialties` (
  `id` bigint unsigned NOT NULL AUTO_INCREMENT,
  `name` varchar(255) COLLATE utf8mb4_unicode_ci NOT NULL,
  `description` varchar(255) COLLATE utf8mb4_unicode_ci DEFAULT NULL,
  `created_at` timestamp NULL DEFAULT NULL,
  `updated_at` timestamp NULL DEFAULT NULL,
  PRIMARY KEY (`id`)
) ENGINE=InnoDB AUTO_INCREMENT=8 DEFAULT CHARSET=utf8mb4 COLLATE=utf8mb4_unicode_ci;

-- Volcando datos para la tabla citasmedicas.specialties: ~7 rows (aproximadamente)
INSERT INTO `specialties` (`id`, `name`, `description`, `created_at`, `updated_at`) VALUES
	(1, 'Neurologia', NULL, '2023-06-03 07:39:21', '2023-06-03 07:39:21'),
	(2, 'Quirúrgica', NULL, '2023-06-03 07:39:21', '2023-06-03 07:39:21'),
	(3, 'Pediatría', NULL, '2023-06-03 07:39:21', '2023-06-03 07:39:21'),
	(4, 'Cardioloía', NULL, '2023-06-03 07:39:21', '2023-06-03 07:39:21'),
	(5, 'Urología', NULL, '2023-06-03 07:39:21', '2023-06-03 07:39:21'),
	(6, 'Medicina forense', NULL, '2023-06-03 07:39:21', '2023-06-03 07:39:21'),
	(7, 'Dermatología', NULL, '2023-06-03 07:39:21', '2023-06-03 07:39:21');

-- Volcando estructura para tabla citasmedicas.specialty_user
CREATE TABLE IF NOT EXISTS `specialty_user` (
  `id` bigint unsigned NOT NULL AUTO_INCREMENT,
  `user_id` bigint unsigned NOT NULL,
  `specialty_id` bigint unsigned NOT NULL,
  `created_at` timestamp NULL DEFAULT NULL,
  `updated_at` timestamp NULL DEFAULT NULL,
  PRIMARY KEY (`id`),
  KEY `specialty_user_user_id_foreign` (`user_id`),
  KEY `specialty_user_specialty_id_foreign` (`specialty_id`),
  CONSTRAINT `specialty_user_specialty_id_foreign` FOREIGN KEY (`specialty_id`) REFERENCES `specialties` (`id`) ON DELETE CASCADE,
  CONSTRAINT `specialty_user_user_id_foreign` FOREIGN KEY (`user_id`) REFERENCES `users` (`id`) ON DELETE CASCADE
) ENGINE=InnoDB AUTO_INCREMENT=30 DEFAULT CHARSET=utf8mb4 COLLATE=utf8mb4_unicode_ci;

-- Volcando datos para la tabla citasmedicas.specialty_user: ~29 rows (aproximadamente)
INSERT INTO `specialty_user` (`id`, `user_id`, `specialty_id`, `created_at`, `updated_at`) VALUES
	(1, 54, 1, '2023-06-03 07:39:21', '2023-06-03 07:39:21'),
	(2, 55, 1, '2023-06-03 07:39:21', '2023-06-03 07:39:21'),
	(3, 56, 1, '2023-06-03 07:39:21', '2023-06-03 07:39:21'),
	(4, 57, 1, '2023-06-03 07:39:21', '2023-06-03 07:39:21'),
	(5, 58, 2, '2023-06-03 07:39:21', '2023-06-03 07:39:21'),
	(6, 59, 2, '2023-06-03 07:39:21', '2023-06-03 07:39:21'),
	(7, 60, 2, '2023-06-03 07:39:21', '2023-06-03 07:39:21'),
	(8, 61, 2, '2023-06-03 07:39:21', '2023-06-03 07:39:21'),
	(9, 62, 3, '2023-06-03 07:39:21', '2023-06-03 07:39:21'),
	(10, 63, 3, '2023-06-03 07:39:21', '2023-06-03 07:39:21'),
	(11, 64, 3, '2023-06-03 07:39:21', '2023-06-03 07:39:21'),
	(12, 65, 3, '2023-06-03 07:39:21', '2023-06-03 07:39:21'),
	(13, 66, 4, '2023-06-03 07:39:21', '2023-06-03 07:39:21'),
	(14, 67, 4, '2023-06-03 07:39:21', '2023-06-03 07:39:21'),
	(15, 68, 4, '2023-06-03 07:39:21', '2023-06-03 07:39:21'),
	(16, 69, 4, '2023-06-03 07:39:21', '2023-06-03 07:39:21'),
	(17, 70, 5, '2023-06-03 07:39:21', '2023-06-03 07:39:21'),
	(18, 71, 5, '2023-06-03 07:39:21', '2023-06-03 07:39:21'),
	(19, 72, 5, '2023-06-03 07:39:21', '2023-06-03 07:39:21'),
	(20, 73, 5, '2023-06-03 07:39:21', '2023-06-03 07:39:21'),
	(21, 74, 6, '2023-06-03 07:39:21', '2023-06-03 07:39:21'),
	(22, 75, 6, '2023-06-03 07:39:21', '2023-06-03 07:39:21'),
	(23, 76, 6, '2023-06-03 07:39:21', '2023-06-03 07:39:21'),
	(24, 77, 6, '2023-06-03 07:39:21', '2023-06-03 07:39:21'),
	(25, 78, 7, '2023-06-03 07:39:21', '2023-06-03 07:39:21'),
	(26, 79, 7, '2023-06-03 07:39:21', '2023-06-03 07:39:21'),
	(27, 80, 7, '2023-06-03 07:39:21', '2023-06-03 07:39:21'),
	(28, 81, 7, '2023-06-03 07:39:21', '2023-06-03 07:39:21'),
	(29, 3, 7, '2023-06-03 07:39:21', '2023-06-03 07:39:21');

-- Volcando estructura para tabla citasmedicas.users
CREATE TABLE IF NOT EXISTS `users` (
  `id` bigint unsigned NOT NULL AUTO_INCREMENT,
  `name` varchar(255) COLLATE utf8mb4_unicode_ci NOT NULL,
  `email` varchar(255) COLLATE utf8mb4_unicode_ci NOT NULL,
  `email_verified_at` timestamp NULL DEFAULT NULL,
  `password` varchar(255) COLLATE utf8mb4_unicode_ci NOT NULL,
  `cedula` varchar(255) COLLATE utf8mb4_unicode_ci NOT NULL,
  `address` varchar(255) COLLATE utf8mb4_unicode_ci DEFAULT NULL,
  `phone` varchar(255) COLLATE utf8mb4_unicode_ci DEFAULT NULL,
  `role` varchar(255) COLLATE utf8mb4_unicode_ci NOT NULL,
  `remember_token` varchar(100) COLLATE utf8mb4_unicode_ci DEFAULT NULL,
  `created_at` timestamp NULL DEFAULT NULL,
  `updated_at` timestamp NULL DEFAULT NULL,
  PRIMARY KEY (`id`),
  UNIQUE KEY `users_email_unique` (`email`)
) ENGINE=InnoDB AUTO_INCREMENT=83 DEFAULT CHARSET=utf8mb4 COLLATE=utf8mb4_unicode_ci;

-- Volcando datos para la tabla citasmedicas.users: ~82 rows (aproximadamente)
INSERT INTO `users` (`id`, `name`, `email`, `email_verified_at`, `password`, `cedula`, `address`, `phone`, `role`, `remember_token`, `created_at`, `updated_at`) VALUES
	(1, 'alexi', 'alexiavalos1123@gmail.com', '2023-06-03 07:39:20', '$2y$10$bUxPU85dNjODltJsV2d4Nehv5hkbqmw2SQ8S5KhqDAEGQffLD8NQm', '1121564512154', 'mi casa JAJA', '5456248985', 'admin', NULL, '2023-06-03 07:39:20', '2023-06-03 07:39:20'),
	(2, 'Paciente 1', 'paciente1@gmail.com', '2023-06-03 07:39:20', '$2y$10$JxsM5xGVYxoeeNwwFrzV5O/KSA7Hzb1Are/a3OnIG/1NlFNa8EG.2', '1121564512154', 'mi casa JAJA', '5456248985', 'paciente', NULL, '2023-06-03 07:39:20', '2023-06-03 07:39:20'),
	(3, 'doctor1', 'doctor1@gmail.com', '2023-06-03 07:39:21', '$2y$10$IKlV93a/dBcreb4MjqGkwOnTjCNamHMs3NonzNmlfbQyF1DKUMhjS', '1121564512154', 'mi casa JAJA', '5456248985', 'doctor', NULL, '2023-06-03 07:39:21', '2023-06-03 07:39:21'),
	(4, 'paciente2', 'paciente2@gmail.com', '2023-06-03 07:39:21', '$2y$10$f9uiS/DeEh3hN1kFajtxL.2UgO6SApa0q2W4OjqrhKytxNfmcPU5u', '1234567891', '364 Nienow Mount Apt. 515South Olin, IL 59611', '844-830-9509', 'paciente', 'avbXgGlP6mHNmB37MfejjZ3bP3Fkv2a7Acd76HnZVDBgmIVH5eYvQN1dJVkD', '2023-06-03 07:39:21', '2023-06-04 07:18:27'),
	(5, 'Mr. Jocelyn Ritchie V', 'keagan.volkman@example.org', '2023-06-03 07:39:21', '$2y$10$92IXUNpkjO0rOQ5byMi.Ye4oKoEa3Ro9llC/.og/at2.uheWG/igi', '34772515', '63813 Harvey Drives\nSouth Crystal, HI 32115-4329', '1-844-683-2767', 'paciente', 'WVDhiszoDx', '2023-06-03 07:39:21', '2023-06-03 07:39:21'),
	(6, 'Kali Wisoky I', 'medhurst.ignacio@example.com', '2023-06-03 07:39:21', '$2y$10$92IXUNpkjO0rOQ5byMi.Ye4oKoEa3Ro9llC/.og/at2.uheWG/igi', '88219932', '895 Rowe Coves\nNewellchester, OR 29731-4818', '800-722-9663', 'paciente', 'R3p6sJuyNu', '2023-06-03 07:39:21', '2023-06-03 07:39:21'),
	(7, 'Cassandra Rutherford', 'ethelyn19@example.org', '2023-06-03 07:39:21', '$2y$10$92IXUNpkjO0rOQ5byMi.Ye4oKoEa3Ro9llC/.og/at2.uheWG/igi', '31550284', '426 Sincere Lane Suite 142\nKuhicmouth, AL 59025', '(866) 280-3549', 'paciente', 'HZj2NbRYbb', '2023-06-03 07:39:21', '2023-06-03 07:39:21'),
	(8, 'Devyn Zulauf', 'schowalter.danielle@example.com', '2023-06-03 07:39:21', '$2y$10$92IXUNpkjO0rOQ5byMi.Ye4oKoEa3Ro9llC/.og/at2.uheWG/igi', '90998865', '88139 Lacy Mountain Suite 520\nRolfsonshire, IL 50195', '866-494-9812', 'paciente', 'LLK2hBn82L', '2023-06-03 07:39:21', '2023-06-03 07:39:21'),
	(9, 'Adelle Williamson', 'hauck.eduardo@example.org', '2023-06-03 07:39:21', '$2y$10$92IXUNpkjO0rOQ5byMi.Ye4oKoEa3Ro9llC/.og/at2.uheWG/igi', '54568940', '996 Kristy Lodge Suite 213\nLake Alecbury, NC 41124-4997', '(866) 921-1545', 'paciente', 'dHGuXNYjPL', '2023-06-03 07:39:21', '2023-06-03 07:39:21'),
	(10, 'Madelyn Lowe Sr.', 'brakus.adolf@example.org', '2023-06-03 07:39:21', '$2y$10$92IXUNpkjO0rOQ5byMi.Ye4oKoEa3Ro9llC/.og/at2.uheWG/igi', '38715170', '5017 Wuckert Forge Suite 120\nWest Carmine, MI 62711-8249', '877-221-2906', 'paciente', 'LYNClEmEUv', '2023-06-03 07:39:21', '2023-06-03 07:39:21'),
	(11, 'Nathan Rowe', 'cmcglynn@example.org', '2023-06-03 07:39:21', '$2y$10$92IXUNpkjO0rOQ5byMi.Ye4oKoEa3Ro9llC/.og/at2.uheWG/igi', '13573901', '295 Melvin Ports\nHarveyhaven, CT 30940-7605', '888-682-7859', 'paciente', 'MeWgWzh0b9', '2023-06-03 07:39:21', '2023-06-03 07:39:21'),
	(12, 'Gwen Buckridge', 'payton.stracke@example.net', '2023-06-03 07:39:21', '$2y$10$92IXUNpkjO0rOQ5byMi.Ye4oKoEa3Ro9llC/.og/at2.uheWG/igi', '85180123', '24070 Justine Rue\nVitoborough, TX 25884-3679', '(844) 829-3736', 'paciente', 'V3IvVuw0Eo', '2023-06-03 07:39:21', '2023-06-03 07:39:21'),
	(13, 'Heaven Romaguera', 'jess90@example.com', '2023-06-03 07:39:21', '$2y$10$92IXUNpkjO0rOQ5byMi.Ye4oKoEa3Ro9llC/.og/at2.uheWG/igi', '93111765', '4742 Helena Mission Apt. 625\nTateview, SC 08959-7668', '877.730.3683', 'paciente', 'oajdynHkdu', '2023-06-03 07:39:21', '2023-06-03 07:39:21'),
	(14, 'Vickie Auer', 'wolf.theodore@example.net', '2023-06-03 07:39:21', '$2y$10$92IXUNpkjO0rOQ5byMi.Ye4oKoEa3Ro9llC/.og/at2.uheWG/igi', '26267387', '1781 Ariane Courts Apt. 348\nPort Rosalindamouth, LA 59814', '(800) 394-4483', 'paciente', 'eESb73oLJD', '2023-06-03 07:39:21', '2023-06-03 07:39:21'),
	(15, 'Pierce Smith MD', 'sporer.hettie@example.org', '2023-06-03 07:39:21', '$2y$10$92IXUNpkjO0rOQ5byMi.Ye4oKoEa3Ro9llC/.og/at2.uheWG/igi', '25660158', '9261 Dorian Walk\nKrisbury, AZ 24218', '855.407.7071', 'paciente', 'HO95r1jh5z', '2023-06-03 07:39:21', '2023-06-03 07:39:21'),
	(16, 'Deven Bradtke Jr.', 'eleanora.jenkins@example.net', '2023-06-03 07:39:21', '$2y$10$92IXUNpkjO0rOQ5byMi.Ye4oKoEa3Ro9llC/.og/at2.uheWG/igi', '97101304', '44446 Emard Brooks\nNew Brittanyton, HI 33252-9415', '877-270-2926', 'paciente', 'VdTDZLuwWa', '2023-06-03 07:39:21', '2023-06-03 07:39:21'),
	(17, 'Peggie Dach', 'balistreri.benjamin@example.net', '2023-06-03 07:39:21', '$2y$10$92IXUNpkjO0rOQ5byMi.Ye4oKoEa3Ro9llC/.og/at2.uheWG/igi', '66456464', '12553 Purdy Spring Apt. 834\nPort Maxime, ID 82136-9232', '1-866-919-2646', 'paciente', 'ZgWaNOQbG4', '2023-06-03 07:39:21', '2023-06-03 07:39:21'),
	(18, 'Raphaelle Hill IV', 'horace.smith@example.com', '2023-06-03 07:39:21', '$2y$10$92IXUNpkjO0rOQ5byMi.Ye4oKoEa3Ro9llC/.og/at2.uheWG/igi', '24655998', '916 Favian Club\nLake Lilly, MN 09089', '844.647.4676', 'paciente', '4t52tAo4XM', '2023-06-03 07:39:21', '2023-06-03 07:39:21'),
	(19, 'Oceane Farrell', 'lindgren.max@example.com', '2023-06-03 07:39:21', '$2y$10$92IXUNpkjO0rOQ5byMi.Ye4oKoEa3Ro9llC/.og/at2.uheWG/igi', '19474702', '84601 Moore Via Suite 765\nMaxbury, NC 54192', '(888) 201-2861', 'paciente', 'TWZ3CXHsik', '2023-06-03 07:39:21', '2023-06-03 07:39:21'),
	(20, 'Dr. Aaliyah Fahey', 'sleffler@example.com', '2023-06-03 07:39:21', '$2y$10$92IXUNpkjO0rOQ5byMi.Ye4oKoEa3Ro9llC/.og/at2.uheWG/igi', '83855216', '74060 Kendra Pass\nHilpertland, TN 32864-6456', '866-588-2669', 'paciente', 'KCMZ7x3qjd', '2023-06-03 07:39:21', '2023-06-03 07:39:21'),
	(21, 'Jaycee Herzog', 'lbartell@example.org', '2023-06-03 07:39:21', '$2y$10$92IXUNpkjO0rOQ5byMi.Ye4oKoEa3Ro9llC/.og/at2.uheWG/igi', '89805045', '89735 Virgil Rapid Apt. 155\nJohnstonstad, MO 58696', '1-888-535-9851', 'paciente', 'vEAhmbW6cG', '2023-06-03 07:39:21', '2023-06-03 07:39:21'),
	(22, 'Miss Elza Lehner V', 'carter.ford@example.net', '2023-06-03 07:39:21', '$2y$10$92IXUNpkjO0rOQ5byMi.Ye4oKoEa3Ro9llC/.og/at2.uheWG/igi', '37051668', '8900 Chanelle Creek\nEast Jettburgh, NM 54652-0625', '1-888-926-0512', 'paciente', 'alUNDtP82i', '2023-06-03 07:39:21', '2023-06-03 07:39:21'),
	(23, 'Dr. Citlalli Reichel V', 'wiegand.bonita@example.com', '2023-06-03 07:39:21', '$2y$10$92IXUNpkjO0rOQ5byMi.Ye4oKoEa3Ro9llC/.og/at2.uheWG/igi', '46562672', '816 Kihn Field Suite 425\nWest Americo, NM 03236', '888.568.0019', 'paciente', 'FD3LS5phFq', '2023-06-03 07:39:21', '2023-06-03 07:39:21'),
	(24, 'Idella Rath', 'alan.renner@example.org', '2023-06-03 07:39:21', '$2y$10$92IXUNpkjO0rOQ5byMi.Ye4oKoEa3Ro9llC/.og/at2.uheWG/igi', '30271469', '111 Dannie Union Apt. 618\nHarrisview, VT 82081-9444', '(800) 689-4556', 'paciente', 'QS4LjQvacC', '2023-06-03 07:39:21', '2023-06-03 07:39:21'),
	(25, 'Chet Ratke', 'aromaguera@example.com', '2023-06-03 07:39:21', '$2y$10$92IXUNpkjO0rOQ5byMi.Ye4oKoEa3Ro9llC/.og/at2.uheWG/igi', '89338273', '65092 Nettie Expressway Suite 296\nPort Barton, SC 19588-0691', '855-993-4586', 'paciente', 'QXVzS06vnE', '2023-06-03 07:39:21', '2023-06-03 07:39:21'),
	(26, 'Amelia Lind', 'eusebio.greenholt@example.org', '2023-06-03 07:39:21', '$2y$10$92IXUNpkjO0rOQ5byMi.Ye4oKoEa3Ro9llC/.og/at2.uheWG/igi', '13856934', '1793 O\'Conner Rapids\nDenesikview, NC 32195', '888-436-0341', 'paciente', 'ZFjCZOzlmP', '2023-06-03 07:39:21', '2023-06-03 07:39:21'),
	(27, 'Pamela Howell', 'savanna.kuhic@example.org', '2023-06-03 07:39:21', '$2y$10$92IXUNpkjO0rOQ5byMi.Ye4oKoEa3Ro9llC/.og/at2.uheWG/igi', '58975511', '29391 Hannah Plaza Suite 639\nBlancheshire, WA 11490', '844-893-7219', 'paciente', 'Q4QYcspGd7', '2023-06-03 07:39:21', '2023-06-03 07:39:21'),
	(28, 'Taurean Pacocha DDS', 'tess.windler@example.com', '2023-06-03 07:39:21', '$2y$10$92IXUNpkjO0rOQ5byMi.Ye4oKoEa3Ro9llC/.og/at2.uheWG/igi', '68403061', '82544 Kuphal Shoal Apt. 727\nEast Edwardhaven, FL 96069', '877-219-3161', 'paciente', 'cX16VGbej8', '2023-06-03 07:39:21', '2023-06-03 07:39:21'),
	(29, 'Victoria Kuvalis', 'marilie.bogan@example.com', '2023-06-03 07:39:21', '$2y$10$92IXUNpkjO0rOQ5byMi.Ye4oKoEa3Ro9llC/.og/at2.uheWG/igi', '11534175', '7829 Mertz Hollow Suite 470\nGerlachborough, MI 20755', '(888) 207-5625', 'paciente', 'WSgyu0EEKt', '2023-06-03 07:39:21', '2023-06-03 07:39:21'),
	(30, 'Albin Okuneva Jr.', 'laury.boyer@example.org', '2023-06-03 07:39:21', '$2y$10$92IXUNpkjO0rOQ5byMi.Ye4oKoEa3Ro9llC/.og/at2.uheWG/igi', '57150829', '9523 Estell Glen\nNorth Riverton, NM 45606', '1-877-343-9525', 'paciente', 'iiUBVuInCx', '2023-06-03 07:39:21', '2023-06-03 07:39:21'),
	(31, 'Raymond Brown', 'haag.zoila@example.net', '2023-06-03 07:39:21', '$2y$10$92IXUNpkjO0rOQ5byMi.Ye4oKoEa3Ro9llC/.og/at2.uheWG/igi', '10995196', '6684 Narciso Shores Apt. 747\nNew Avafurt, GA 70512', '800-434-7956', 'paciente', '7mqsJroDng', '2023-06-03 07:39:21', '2023-06-03 07:39:21'),
	(32, 'Juvenal Bogisich', 'rafael.wilderman@example.org', '2023-06-03 07:39:21', '$2y$10$92IXUNpkjO0rOQ5byMi.Ye4oKoEa3Ro9llC/.og/at2.uheWG/igi', '21229382', '637 Hassie Circles\nAlenaton, KS 78279-3284', '1-888-556-2685', 'paciente', 'MK18Ypshfc', '2023-06-03 07:39:21', '2023-06-03 07:39:21'),
	(33, 'Anderson Feeney', 'lane58@example.net', '2023-06-03 07:39:21', '$2y$10$92IXUNpkjO0rOQ5byMi.Ye4oKoEa3Ro9llC/.og/at2.uheWG/igi', '81246037', '8640 Satterfield Shoal Apt. 174\nHermanstad, DC 51600-5034', '1-855-878-1163', 'paciente', 'Ofno5D1LVr', '2023-06-03 07:39:21', '2023-06-03 07:39:21'),
	(34, 'Prof. Nathan Green Jr.', 'santino04@example.com', '2023-06-03 07:39:21', '$2y$10$92IXUNpkjO0rOQ5byMi.Ye4oKoEa3Ro9llC/.og/at2.uheWG/igi', '24075676', '10291 Annabel Wall\nArianeberg, IL 02023-6910', '(877) 240-5247', 'paciente', 'sxRW5IpDeX', '2023-06-03 07:39:21', '2023-06-03 07:39:21'),
	(35, 'Foster Mitchell', 'lflatley@example.net', '2023-06-03 07:39:21', '$2y$10$92IXUNpkjO0rOQ5byMi.Ye4oKoEa3Ro9llC/.og/at2.uheWG/igi', '73002409', '1660 Moore Cliff\nSawaynberg, WA 60703-4422', '844-914-2638', 'paciente', 'CG1e5tgl4X', '2023-06-03 07:39:21', '2023-06-03 07:39:21'),
	(36, 'Jorge Schulist', 'eric.ledner@example.com', '2023-06-03 07:39:21', '$2y$10$92IXUNpkjO0rOQ5byMi.Ye4oKoEa3Ro9llC/.og/at2.uheWG/igi', '80080117', '73239 Lesly Row\nWest Forestville, CO 72401-7012', '(888) 802-0960', 'paciente', 'UOrrH8vMGv', '2023-06-03 07:39:21', '2023-06-03 07:39:21'),
	(37, 'Eudora Stroman', 'dhammes@example.org', '2023-06-03 07:39:21', '$2y$10$92IXUNpkjO0rOQ5byMi.Ye4oKoEa3Ro9llC/.og/at2.uheWG/igi', '53423625', '700 Kulas Stravenue\nBoehmhaven, ID 57111-3484', '877-480-1090', 'paciente', 'sSrgvGMHzy', '2023-06-03 07:39:21', '2023-06-03 07:39:21'),
	(38, 'Herminia Kris DDS', 'rluettgen@example.net', '2023-06-03 07:39:21', '$2y$10$92IXUNpkjO0rOQ5byMi.Ye4oKoEa3Ro9llC/.og/at2.uheWG/igi', '62989103', '335 Sporer Cliff Suite 763\nNew Cheyenne, AL 20118', '(877) 720-4704', 'paciente', 'I79ilmNe0o', '2023-06-03 07:39:21', '2023-06-03 07:39:21'),
	(39, 'Dr. Myrtis Lueilwitz', 'angus.rath@example.org', '2023-06-03 07:39:21', '$2y$10$92IXUNpkjO0rOQ5byMi.Ye4oKoEa3Ro9llC/.og/at2.uheWG/igi', '30939129', '5193 Gleason Via\nWestland, UT 64969', '888-780-2131', 'paciente', 'XVqGjAM0xA', '2023-06-03 07:39:21', '2023-06-03 07:39:21'),
	(40, 'Prof. Rocio Conn', 'nellie.emard@example.net', '2023-06-03 07:39:21', '$2y$10$92IXUNpkjO0rOQ5byMi.Ye4oKoEa3Ro9llC/.og/at2.uheWG/igi', '20852380', '24895 Stephany Parkway\nMayefort, CO 75213', '844-687-7299', 'paciente', '6mL1dgfhfC', '2023-06-03 07:39:21', '2023-06-03 07:39:21'),
	(41, 'Dr. Lexus Kutch IV', 'lehner.athena@example.com', '2023-06-03 07:39:21', '$2y$10$92IXUNpkjO0rOQ5byMi.Ye4oKoEa3Ro9llC/.og/at2.uheWG/igi', '25364158', '937 Kshlerin Mount\nEast Tristianport, TN 48508', '1-855-791-6108', 'paciente', 'NK3jhA7xPs', '2023-06-03 07:39:21', '2023-06-03 07:39:21'),
	(42, 'Dr. Lance Quigley', 'nathaniel.dicki@example.net', '2023-06-03 07:39:21', '$2y$10$92IXUNpkjO0rOQ5byMi.Ye4oKoEa3Ro9llC/.og/at2.uheWG/igi', '22667163', '77344 Saul Row\nPort Sandrashire, NM 60032-8869', '844.677.6594', 'paciente', 'z8io9GQOnZ', '2023-06-03 07:39:21', '2023-06-03 07:39:21'),
	(43, 'Mathilde Reynolds', 'gabe.mclaughlin@example.org', '2023-06-03 07:39:21', '$2y$10$92IXUNpkjO0rOQ5byMi.Ye4oKoEa3Ro9llC/.og/at2.uheWG/igi', '32578547', '9704 Hackett Trafficway\nBuckridgehaven, AK 05932-0398', '888-616-0361', 'paciente', 'oMgxbzEf8H', '2023-06-03 07:39:21', '2023-06-03 07:39:21'),
	(44, 'Domingo Schroeder', 'jevon54@example.org', '2023-06-03 07:39:21', '$2y$10$92IXUNpkjO0rOQ5byMi.Ye4oKoEa3Ro9llC/.og/at2.uheWG/igi', '76069240', '45970 Judd Wells Apt. 302\nSouth Dantebury, NM 43159', '1-844-475-6498', 'paciente', 'oIHvv1L2Zg', '2023-06-03 07:39:21', '2023-06-03 07:39:21'),
	(45, 'Javier Orn', 'kkulas@example.com', '2023-06-03 07:39:21', '$2y$10$92IXUNpkjO0rOQ5byMi.Ye4oKoEa3Ro9llC/.og/at2.uheWG/igi', '77174910', '609 Keenan Crossing\nSouth Tomas, NV 98715-9015', '866-314-8518', 'paciente', 'ewSA1uSjXc', '2023-06-03 07:39:21', '2023-06-03 07:39:21'),
	(46, 'Germaine Bernhard', 'kasey.donnelly@example.org', '2023-06-03 07:39:21', '$2y$10$92IXUNpkjO0rOQ5byMi.Ye4oKoEa3Ro9llC/.og/at2.uheWG/igi', '61222664', '360 VonRueden Springs\nBartolettibury, ND 30008', '844-763-3860', 'paciente', '4sFt5YOxQl', '2023-06-03 07:39:21', '2023-06-03 07:39:21'),
	(47, 'Mrs. River Ondricka MD', 'shaina11@example.net', '2023-06-03 07:39:21', '$2y$10$92IXUNpkjO0rOQ5byMi.Ye4oKoEa3Ro9llC/.og/at2.uheWG/igi', '30689493', '5946 Vergie Estate Apt. 331\nCarrolltown, KS 89748', '(877) 686-4909', 'paciente', '0rgZxzrlPC', '2023-06-03 07:39:21', '2023-06-03 07:39:21'),
	(48, 'Matilde Schulist', 'karmstrong@example.org', '2023-06-03 07:39:21', '$2y$10$92IXUNpkjO0rOQ5byMi.Ye4oKoEa3Ro9llC/.og/at2.uheWG/igi', '97141569', '459 Claude Circles\nNorth Brandon, TX 03016', '855.385.4266', 'paciente', 'uzL3oC0hgS', '2023-06-03 07:39:21', '2023-06-03 07:39:21'),
	(49, 'Mrs. Kayla Miller', 'tess83@example.com', '2023-06-03 07:39:21', '$2y$10$92IXUNpkjO0rOQ5byMi.Ye4oKoEa3Ro9llC/.og/at2.uheWG/igi', '81327571', '500 Myrl Knoll Suite 691\nEthelynshire, CA 58555', '888.892.5611', 'paciente', 'PDQHgWtZAS', '2023-06-03 07:39:21', '2023-06-03 07:39:21'),
	(50, 'Elmira O\'Hara V', 'ernser.harmony@example.net', '2023-06-03 07:39:21', '$2y$10$92IXUNpkjO0rOQ5byMi.Ye4oKoEa3Ro9llC/.og/at2.uheWG/igi', '42401898', '1294 Magali Ranch Suite 701\nSwaniawskibury, NE 88968-0118', '800.734.5980', 'paciente', 'eE6tUOCKbC', '2023-06-03 07:39:21', '2023-06-03 07:39:21'),
	(51, 'Vallie Murazik', 'jamel.shanahan@example.com', '2023-06-03 07:39:21', '$2y$10$92IXUNpkjO0rOQ5byMi.Ye4oKoEa3Ro9llC/.og/at2.uheWG/igi', '92794498', '3828 Kassulke Crossing Apt. 846\nJonathantown, TN 51251', '877.304.2340', 'paciente', 'SPCpozO1jc', '2023-06-03 07:39:21', '2023-06-03 07:39:21'),
	(52, 'Prof. Henry Smitham Sr.', 'dayna.schmeler@example.net', '2023-06-03 07:39:21', '$2y$10$92IXUNpkjO0rOQ5byMi.Ye4oKoEa3Ro9llC/.og/at2.uheWG/igi', '75555929', '20734 Margot Expressway\nMozellemouth, CA 90395-7173', '1-866-200-4502', 'paciente', 'aUXaG9kxMb', '2023-06-03 07:39:21', '2023-06-03 07:39:21'),
	(53, 'Dr. Joyce Hegmann', 'logan77@example.net', '2023-06-03 07:39:21', '$2y$10$92IXUNpkjO0rOQ5byMi.Ye4oKoEa3Ro9llC/.og/at2.uheWG/igi', '20024632', '41798 Hettinger Groves Suite 683\nNew Loma, IL 34836-7214', '(877) 600-9545', 'paciente', 'NrbzRpGNoI', '2023-06-03 07:39:21', '2023-06-03 07:39:21'),
	(54, 'Autumn Olson MD', 'cecilia.turner@example.org', '2023-06-03 07:39:21', '$2y$10$92IXUNpkjO0rOQ5byMi.Ye4oKoEa3Ro9llC/.og/at2.uheWG/igi', '26324105', '665 Marianna Spur Suite 351\nEast Alanview, CO 09542-0410', '888.513.1544', 'doctor', 'FkDvj956fH', '2023-06-03 07:39:21', '2023-06-03 07:39:21'),
	(55, 'Imelda Haag', 'sfahey@example.net', '2023-06-03 07:39:21', '$2y$10$92IXUNpkjO0rOQ5byMi.Ye4oKoEa3Ro9llC/.og/at2.uheWG/igi', '94786604', '757 Nikolaus Falls Apt. 555\nO\'Connellfort, CT 04851-9885', '(877) 708-5209', 'doctor', 'MuA4j2C3BY', '2023-06-03 07:39:21', '2023-06-03 07:39:21'),
	(56, 'Haskell Torp', 'fauer@example.com', '2023-06-03 07:39:21', '$2y$10$92IXUNpkjO0rOQ5byMi.Ye4oKoEa3Ro9llC/.og/at2.uheWG/igi', '97901044', '2723 Rosenbaum Haven Apt. 048\nHesselshire, FL 84548-7590', '(888) 464-5714', 'doctor', 'DTKsy7Y5Mf', '2023-06-03 07:39:21', '2023-06-03 07:39:21'),
	(57, 'Dr. Erling Hayes', 'lkovacek@example.com', '2023-06-03 07:39:21', '$2y$10$92IXUNpkjO0rOQ5byMi.Ye4oKoEa3Ro9llC/.og/at2.uheWG/igi', '27156984', '99723 Carmella Trafficway\nPort Nicolette, WV 05451-3446', '(800) 624-5428', 'doctor', 'PGUd73JR0H', '2023-06-03 07:39:21', '2023-06-03 07:39:21'),
	(58, 'Sylvan Douglas', 'hoeger.adelbert@example.net', '2023-06-03 07:39:21', '$2y$10$92IXUNpkjO0rOQ5byMi.Ye4oKoEa3Ro9llC/.og/at2.uheWG/igi', '36411091', '280 Percy Common Suite 076\nLake Julian, OH 87396-4851', '855-415-0085', 'doctor', 'gaPZcsg1jU', '2023-06-03 07:39:21', '2023-06-03 07:39:21'),
	(59, 'Liliana Kessler', 'brown.eldon@example.org', '2023-06-03 07:39:21', '$2y$10$92IXUNpkjO0rOQ5byMi.Ye4oKoEa3Ro9llC/.og/at2.uheWG/igi', '58668581', '9577 Wunsch Club Suite 496\nWittingchester, LA 17159-6870', '1-888-549-2700', 'doctor', 'tsyd6bkkBq', '2023-06-03 07:39:21', '2023-06-03 07:39:21'),
	(60, 'Elvis Schamberger', 'qhermann@example.com', '2023-06-03 07:39:21', '$2y$10$92IXUNpkjO0rOQ5byMi.Ye4oKoEa3Ro9llC/.og/at2.uheWG/igi', '75841309', '251 Hoppe Lakes\nMarquardtmouth, AL 82359', '877-922-6053', 'doctor', 's9uACBkSJF', '2023-06-03 07:39:21', '2023-06-03 07:39:21'),
	(61, 'Mrs. Fiona Kerluke II', 'gino51@example.net', '2023-06-03 07:39:21', '$2y$10$92IXUNpkjO0rOQ5byMi.Ye4oKoEa3Ro9llC/.og/at2.uheWG/igi', '80062663', '847 Dixie Key\nNew Cotybury, MN 54211', '800-666-5709', 'doctor', 'smTfBlYQ4L', '2023-06-03 07:39:21', '2023-06-03 07:39:21'),
	(62, 'Sammie Lehner', 'anna.dubuque@example.org', '2023-06-03 07:39:21', '$2y$10$92IXUNpkjO0rOQ5byMi.Ye4oKoEa3Ro9llC/.og/at2.uheWG/igi', '47373421', '54740 Thompson Via Suite 270\nDurganmouth, CO 32806-9558', '1-844-862-2201', 'doctor', 'hhVXNiwckH', '2023-06-03 07:39:21', '2023-06-03 07:39:21'),
	(63, 'Anya Stiedemann', 'koelpin.josiah@example.net', '2023-06-03 07:39:21', '$2y$10$92IXUNpkjO0rOQ5byMi.Ye4oKoEa3Ro9llC/.og/at2.uheWG/igi', '93133716', '96624 Stuart Brook Apt. 819\nPort Dayton, NJ 74903', '1-800-976-0189', 'doctor', 'EaHXNrBHgE', '2023-06-03 07:39:21', '2023-06-03 07:39:21'),
	(64, 'Arch Kirlin Jr.', 'maximilian.kulas@example.net', '2023-06-03 07:39:21', '$2y$10$92IXUNpkjO0rOQ5byMi.Ye4oKoEa3Ro9llC/.og/at2.uheWG/igi', '42622713', '719 Yadira Pine\nEastonmouth, WY 71758-7829', '877.210.4644', 'doctor', 'nvMjY7Tj1e', '2023-06-03 07:39:21', '2023-06-03 07:39:21'),
	(65, 'Dovie Doyle', 'jonathan.zulauf@example.org', '2023-06-03 07:39:21', '$2y$10$92IXUNpkjO0rOQ5byMi.Ye4oKoEa3Ro9llC/.og/at2.uheWG/igi', '47322952', '721 Jacobi Courts Apt. 432\nWest Olaville, IA 52622-6443', '(800) 201-1444', 'doctor', 'vdA4qz0Rpf', '2023-06-03 07:39:21', '2023-06-03 07:39:21'),
	(66, 'Myah Rowe', 'johns.frederik@example.org', '2023-06-03 07:39:21', '$2y$10$92IXUNpkjO0rOQ5byMi.Ye4oKoEa3Ro9llC/.og/at2.uheWG/igi', '98700259', '121 Balistreri Mews Apt. 329\nNorth Macyfurt, ID 27413-5733', '(855) 533-9038', 'doctor', 'FtE2IuqynL', '2023-06-03 07:39:21', '2023-06-03 07:39:21'),
	(67, 'Dr. Lafayette Windler', 'celestine.turner@example.net', '2023-06-03 07:39:21', '$2y$10$92IXUNpkjO0rOQ5byMi.Ye4oKoEa3Ro9llC/.og/at2.uheWG/igi', '31347479', '102 Lucienne Lock Apt. 199\nPort Rosinaland, WY 39519-3973', '(855) 403-8763', 'doctor', 'cguYp5snwC', '2023-06-03 07:39:21', '2023-06-03 07:39:21'),
	(68, 'Susie Hettinger DVM', 'sheila13@example.com', '2023-06-03 07:39:21', '$2y$10$92IXUNpkjO0rOQ5byMi.Ye4oKoEa3Ro9llC/.og/at2.uheWG/igi', '53117586', '17635 Schowalter Mission\nJaviershire, TX 82797-3737', '877-749-6800', 'doctor', 'dlF0k7CGhp', '2023-06-03 07:39:21', '2023-06-03 07:39:21'),
	(69, 'Ivy Hane', 'wiley05@example.net', '2023-06-03 07:39:21', '$2y$10$92IXUNpkjO0rOQ5byMi.Ye4oKoEa3Ro9llC/.og/at2.uheWG/igi', '64775456', '69732 McDermott Canyon Suite 625\nCorbinbury, ND 79788-0532', '1-855-951-9546', 'doctor', '5aqUEtkuIV', '2023-06-03 07:39:21', '2023-06-03 07:39:21'),
	(70, 'Garrick Connelly III', 'schuppe.earl@example.com', '2023-06-03 07:39:21', '$2y$10$92IXUNpkjO0rOQ5byMi.Ye4oKoEa3Ro9llC/.og/at2.uheWG/igi', '65012716', '653 Mason Ridge Suite 964\nNorth Shirley, OK 35737-4714', '1-877-565-2572', 'doctor', 'oQTxr3uLat', '2023-06-03 07:39:21', '2023-06-03 07:39:21'),
	(71, 'Prof. Telly McKenzie IV', 'bauch.chaim@example.com', '2023-06-03 07:39:21', '$2y$10$92IXUNpkjO0rOQ5byMi.Ye4oKoEa3Ro9llC/.og/at2.uheWG/igi', '60517128', '516 Rhoda Pike\nNew Pearline, PA 58719', '(844) 419-1932', 'doctor', 'qOm9ZBu33I', '2023-06-03 07:39:21', '2023-06-03 07:39:21'),
	(72, 'Griffin Jacobs', 'retta56@example.org', '2023-06-03 07:39:21', '$2y$10$92IXUNpkjO0rOQ5byMi.Ye4oKoEa3Ro9llC/.og/at2.uheWG/igi', '41074416', '734 Aufderhar Walk Apt. 543\nSouth Elenora, HI 15809', '888-792-4431', 'doctor', 'qFB1ar9leN', '2023-06-03 07:39:21', '2023-06-03 07:39:21'),
	(73, 'Maci Rempel MD', 'dustin66@example.org', '2023-06-03 07:39:21', '$2y$10$92IXUNpkjO0rOQ5byMi.Ye4oKoEa3Ro9llC/.og/at2.uheWG/igi', '12568090', '550 Feil Route\nEast Burleyville, LA 96876', '(877) 539-4481', 'doctor', 'TR2mXPQ2A5', '2023-06-03 07:39:21', '2023-06-03 07:39:21'),
	(74, 'Lulu Kerluke MD', 'schaefer.arvel@example.com', '2023-06-03 07:39:21', '$2y$10$92IXUNpkjO0rOQ5byMi.Ye4oKoEa3Ro9llC/.og/at2.uheWG/igi', '10403089', '7543 Toy Unions Suite 003\nLake Madaline, UT 49274-2485', '1-844-242-4603', 'doctor', 'rOStnxwDq3', '2023-06-03 07:39:21', '2023-06-03 07:39:21'),
	(75, 'Jaydon Kub Sr.', 'kunde.isabella@example.org', '2023-06-03 07:39:21', '$2y$10$92IXUNpkjO0rOQ5byMi.Ye4oKoEa3Ro9llC/.og/at2.uheWG/igi', '14368980', '8580 Swaniawski Plaza Apt. 065\nEast Sarah, AK 59327', '1-866-309-7213', 'doctor', 'HYzwZlkeEg', '2023-06-03 07:39:21', '2023-06-03 07:39:21'),
	(76, 'Mrs. Eunice Gibson', 'mose37@example.org', '2023-06-03 07:39:21', '$2y$10$92IXUNpkjO0rOQ5byMi.Ye4oKoEa3Ro9llC/.og/at2.uheWG/igi', '54270448', '1755 Nya Fort\nFayshire, TN 71751-3865', '1-888-498-1963', 'doctor', '3Ad16y567n', '2023-06-03 07:39:21', '2023-06-03 07:39:21'),
	(77, 'Alejandra Stanton', 'raven01@example.com', '2023-06-03 07:39:21', '$2y$10$92IXUNpkjO0rOQ5byMi.Ye4oKoEa3Ro9llC/.og/at2.uheWG/igi', '57300693', '66604 Rosenbaum Greens Apt. 615\nKuhicland, WA 95596-0874', '1-800-704-0192', 'doctor', 'voYKVrJDIO', '2023-06-03 07:39:21', '2023-06-03 07:39:21'),
	(78, 'Johathan Walter', 'heathcote.maryam@example.com', '2023-06-03 07:39:21', '$2y$10$92IXUNpkjO0rOQ5byMi.Ye4oKoEa3Ro9llC/.og/at2.uheWG/igi', '46485871', '81288 Bahringer Highway\nLake Haileyport, MN 64696', '(877) 666-0241', 'doctor', 'Wcot4QWSoE', '2023-06-03 07:39:21', '2023-06-03 07:39:21'),
	(79, 'Dr. Lilly Emard PhD', 'nraynor@example.org', '2023-06-03 07:39:21', '$2y$10$92IXUNpkjO0rOQ5byMi.Ye4oKoEa3Ro9llC/.og/at2.uheWG/igi', '39992801', '2197 Darius Passage Apt. 145\nLake Giovanny, PA 85857', '1-844-210-1629', 'doctor', 'XAEQNBSVBB', '2023-06-03 07:39:21', '2023-06-03 07:39:21'),
	(80, 'Michel Carroll I', 'bednar.alexandra@example.net', '2023-06-03 07:39:21', '$2y$10$92IXUNpkjO0rOQ5byMi.Ye4oKoEa3Ro9llC/.og/at2.uheWG/igi', '69448151', '81467 Yvette Spring Suite 244\nSouth Weldonborough, NJ 36900', '(800) 679-2898', 'doctor', 'EA8RdPyRqM', '2023-06-03 07:39:21', '2023-06-03 07:39:21'),
	(81, 'Alphonso Ward', 'kreynolds@example.com', '2023-06-03 07:39:21', '$2y$10$92IXUNpkjO0rOQ5byMi.Ye4oKoEa3Ro9llC/.og/at2.uheWG/igi', '69345533', '6316 Davis Squares Apt. 869\nEast Ronchester, NJ 90302-4242', '(844) 848-9006', 'doctor', 'z7poilIQVG', '2023-06-03 07:39:21', '2023-06-03 07:39:21'),
	(82, 'Richard', 'richardavalos08@gmail.com', NULL, '$2y$10$fxB65uPOcWwriErxa5.ER.LRpa7E8zdnsvVhu0UNjuMF1w5sFw7QS', '0000000000', NULL, NULL, 'paciente', NULL, '2023-06-06 06:03:40', '2023-06-06 06:03:40');

/*!40103 SET TIME_ZONE=IFNULL(@OLD_TIME_ZONE, 'system') */;
/*!40101 SET SQL_MODE=IFNULL(@OLD_SQL_MODE, '') */;
/*!40014 SET FOREIGN_KEY_CHECKS=IFNULL(@OLD_FOREIGN_KEY_CHECKS, 1) */;
/*!40101 SET CHARACTER_SET_CLIENT=@OLD_CHARACTER_SET_CLIENT */;
/*!40111 SET SQL_NOTES=IFNULL(@OLD_SQL_NOTES, 1) */;
